Date,Nifty_Open,Nifty_High,Nifty_Low,Nifty_Close,Nifty_Volume,VIX_Close,USDINR_Close
2018-01-02,10477.5498046875,10495.2001953125,10404.650390625,10442.2001953125,153400.0,13.6899995803833,63.86759948730469
2018-01-03,10482.650390625,10503.599609375,10429.5498046875,10443.2001953125,167300.0,13.619999885559082,63.459999084472656
2018-01-04,10469.400390625,10513.0,10441.4501953125,10504.7998046875,174900.0,13.420000076293945,63.41910171508789
2018-01-05,10534.25,10566.099609375,10520.099609375,10558.849609375,180900.0,13.109999656677246,63.369598388671875
2018-01-08,10591.7001953125,10631.2001953125,10588.5498046875,10623.599609375,169000.0,13.739999771118164,63.26499938964844
2018-01-09,10645.099609375,10659.150390625,10603.599609375,10637.0,205000.0,13.850000381469727,63.45199966430664
2018-01-10,10652.0498046875,10655.5,10592.7001953125,10632.2001953125,176400.0,14.039999961853027,63.63610076904297
2018-01-11,10637.0498046875,10664.599609375,10612.349609375,10651.2001953125,153800.0,14.010000228881836,63.7599983215332
2018-01-12,10682.5498046875,10690.400390625,10597.099609375,10681.25,175200.0,13.729999542236328,63.67210006713867
2018-01-15,10718.5,10782.650390625,10713.7998046875,10741.5498046875,175900.0,14.3100004196167,63.5885009765625
2018-01-16,10761.5,10762.349609375,10687.849609375,10700.4501953125,211000.0,14.09000015258789,63.52119827270508
2018-01-17,10702.4501953125,10803.0,10666.75,10788.5498046875,252700.0,13.859999656677246,63.994300842285156
2018-01-18,10873.400390625,10887.5,10782.400390625,10817.0,312000.0,13.960000038146973,63.82500076293945
2018-01-19,10829.2001953125,10906.849609375,10793.900390625,10894.7001953125,207600.0,13.979999542236328,63.86759948730469
2018-01-22,10883.2001953125,10975.099609375,10881.400390625,10966.2001953125,231600.0,15.390000343322754,63.83209991455078
2018-01-23,10997.400390625,11092.900390625,10994.5498046875,11083.7001953125,284600.0,16.229999542236328,63.88010025024414
2018-01-24,11069.349609375,11110.099609375,11046.150390625,11086.0,283400.0,18.040000915527344,63.7504997253418
2018-01-25,11095.599609375,11095.599609375,11009.2001953125,11069.650390625,330300.0,17.510000228881836,63.57789993286133
2018-01-26,11095.599609375,11095.599609375,11009.2001953125,11069.650390625,330300.0,17.510000228881836,63.57310104370117
2018-01-29,11079.349609375,11171.5498046875,11075.9501953125,11130.400390625,241700.0,17.889999389648438,63.56999969482422
2018-01-30,11120.849609375,11121.099609375,11033.900390625,11049.650390625,228000.0,16.420000076293945,63.66939926147461
2018-01-31,11018.7998046875,11058.5,10979.2998046875,11027.7001953125,245900.0,15.930000305175781,63.769901275634766
2018-02-01,11044.5498046875,11117.349609375,10878.7998046875,11016.900390625,306200.0,14.109999656677246,63.665000915527344
2018-02-02,10938.2001953125,10954.9501953125,10736.099609375,10760.599609375,282700.0,15.25,63.974998474121094
2018-02-05,10604.2998046875,10702.75,10586.7998046875,10666.5498046875,240100.0,16.049999237060547,64.13249969482422
2018-02-06,10295.150390625,10594.150390625,10276.2998046875,10498.25,266500.0,20.020000457763672,64.314697265625
2018-02-07,10607.2001953125,10614.0,10446.400390625,10476.7001953125,250400.0,19.469999313354492,63.97999954223633
2018-02-08,10518.5,10637.7998046875,10479.5498046875,10576.849609375,232200.0,17.770000457763672,64.19999694824219
2018-02-09,10416.5,10480.2001953125,10398.2001953125,10454.9501953125,191600.0,19.229999542236328,64.44049835205078
2018-02-12,10518.2001953125,10555.5,10485.400390625,10539.75,217400.0,17.8799991607666,64.2113037109375
2018-02-13,10518.2001953125,10555.5,10485.400390625,10539.75,217400.0,17.8799991607666,64.28350067138672
2018-02-14,10585.75,10590.5498046875,10456.650390625,10500.900390625,229200.0,17.18000030517578,64.2500991821289
2018-02-15,10537.900390625,10618.099609375,10511.0498046875,10545.5,210600.0,16.31999969482422,64.02519989013672
2018-02-16,10596.2001953125,10612.900390625,10434.0498046875,10452.2998046875,184300.0,16.3799991607666,63.890899658203125
2018-02-19,10488.900390625,10489.349609375,10302.75,10378.400390625,187300.0,16.670000076293945,64.37999725341797
2018-02-20,10391.0,10429.349609375,10347.650390625,10360.400390625,187700.0,16.8700008392334,64.50499725341797
2018-02-21,10426.0,10426.099609375,10349.599609375,10397.4501953125,234100.0,15.920000076293945,64.86499786376953
2018-02-22,10354.349609375,10397.5498046875,10340.650390625,10382.7001953125,313600.0,14.829999923706055,64.8949966430664
2018-02-23,10408.099609375,10499.099609375,10396.650390625,10491.0498046875,210600.0,14.199999809265137,64.95140075683594
2018-02-26,10526.5498046875,10592.9501953125,10520.2001953125,10582.599609375,171900.0,13.699999809265137,64.7030029296875
2018-02-27,10615.2001953125,10631.650390625,10537.25,10554.2998046875,187500.0,13.920000076293945,64.78040313720703
2018-02-28,10488.9501953125,10535.5,10461.5498046875,10492.849609375,286000.0,13.8100004196167,64.91000366210938
2018-03-01,10479.9501953125,10525.5,10447.150390625,10458.349609375,176000.0,14.069999694824219,65.23999786376953
2018-03-02,10479.9501953125,10525.5,10447.150390625,10458.349609375,176000.0,14.069999694824219,65.1500015258789
2018-03-05,10428.2998046875,10428.7001953125,10323.900390625,10358.849609375,194000.0,15.399999618530273,65.18669891357422
2018-03-06,10420.5,10441.349609375,10215.900390625,10249.25,222900.0,16.25,65.00370025634766
2018-03-07,10232.9501953125,10243.349609375,10141.5498046875,10154.2001953125,249500.0,15.699999809265137,64.88999938964844
2018-03-08,10216.25,10270.349609375,10146.400390625,10242.650390625,226400.0,14.59000015258789,64.89119720458984
2018-03-09,10271.2998046875,10296.7001953125,10211.900390625,10226.849609375,186500.0,14.529999732971191,65.09040069580078
2018-03-12,10301.599609375,10433.650390625,10295.4501953125,10421.400390625,216400.0,14.489999771118164,64.96489715576172
2018-03-13,10389.5,10478.599609375,10377.849609375,10426.849609375,266700.0,14.460000038146973,64.94550323486328
2018-03-14,10393.0498046875,10420.349609375,10336.2998046875,10410.900390625,181400.0,14.359999656677246,64.8281021118164
2018-03-15,10405.4501953125,10420.0,10346.2001953125,10360.150390625,173900.0,14.329999923706055,64.83679962158203
2018-03-16,10345.150390625,10346.2998046875,10180.25,10195.150390625,328500.0,15.220000267028809,65.01439666748047
2018-03-19,10215.349609375,10224.5498046875,10075.2998046875,10094.25,210200.0,15.819999694824219,65.06500244140625
2018-03-20,10051.5498046875,10155.650390625,10049.099609375,10124.349609375,203000.0,15.609999656677246,65.21009826660156
2018-03-21,10181.9501953125,10227.2998046875,10132.9501953125,10155.25,204800.0,15.109999656677246,65.2323989868164
2018-03-22,10167.5,10207.849609375,10105.400390625,10114.75,230500.0,15.25,65.06559753417969
2018-03-23,9968.7998046875,10027.7001953125,9951.900390625,9998.0498046875,285700.0,15.550000190734863,65.16000366210938
2018-03-26,9989.150390625,10143.5,9958.5498046875,10130.650390625,262600.0,15.199999809265137,65.01499938964844
2018-03-27,10188.0,10207.900390625,10139.650390625,10184.150390625,225700.0,15.550000190734863,64.69499969482422
2018-03-28,10143.599609375,10158.349609375,10096.900390625,10113.7001953125,344400.0,15.760000228881836,64.89550018310547
2018-03-29,10143.599609375,10158.349609375,10096.900390625,10113.7001953125,344400.0,15.760000228881836,65.14920043945312
2018-03-30,10143.599609375,10158.349609375,10096.900390625,10113.7001953125,344400.0,15.760000228881836,65.02999877929688
2018-04-02,10151.650390625,10220.099609375,10127.75,10211.7998046875,225400.0,15.350000381469727,65.10549926757812
2018-04-03,10186.849609375,10255.349609375,10171.0498046875,10245.0,205300.0,15.1899995803833,65.13999938964844
2018-04-04,10274.599609375,10279.849609375,10111.2998046875,10128.400390625,231100.0,16.34000015258789,64.90499877929688
2018-04-05,10228.4501953125,10331.7998046875,10227.4501953125,10325.150390625,236800.0,14.800000190734863,64.99500274658203
2018-04-06,10322.75,10350.4501953125,10290.849609375,10331.599609375,200200.0,14.75,64.86150360107422
2018-04-09,10333.7001953125,10397.7001953125,10328.5,10379.349609375,221600.0,14.869999885559082,64.90450286865234
2018-04-10,10412.900390625,10424.849609375,10381.5,10402.25,251700.0,14.5,64.87000274658203
2018-04-11,10428.150390625,10428.150390625,10355.599609375,10417.150390625,250400.0,14.720000267028809,64.92530059814453
2018-04-12,10410.650390625,10469.900390625,10395.25,10458.650390625,238600.0,14.5600004196167,65.19000244140625
2018-04-13,10495.2998046875,10519.900390625,10451.4501953125,10480.599609375,213100.0,14.140000343322754,65.27570343017578
2018-04-16,10398.2998046875,10540.150390625,10396.349609375,10528.349609375,195000.0,14.260000228881836,65.19560241699219
2018-04-17,10557.2998046875,10560.4501953125,10495.650390625,10548.7001953125,206100.0,14.039999961853027,65.4292984008789
2018-04-18,10578.900390625,10594.2001953125,10509.7001953125,10526.2001953125,205400.0,14.109999656677246,65.67500305175781
2018-04-19,10563.650390625,10572.2001953125,10546.2001953125,10565.2998046875,262600.0,13.75,66.01000213623047
2018-04-20,10560.349609375,10582.349609375,10527.4501953125,10564.0498046875,244600.0,12.9399995803833,66.11479949951172
2018-04-23,10592.7998046875,10638.349609375,10514.9501953125,10584.7001953125,194200.0,13.149999618530273,66.1968994140625
2018-04-24,10578.099609375,10636.7998046875,10569.0,10614.349609375,219200.0,11.899999618530273,66.54499816894531
2018-04-25,10612.400390625,10612.599609375,10536.4501953125,10570.5498046875,189200.0,12.399999618530273,66.41410064697266
2018-04-26,10586.5,10628.400390625,10559.650390625,10617.7998046875,335100.0,12.039999961853027,66.90769958496094
2018-04-27,10651.650390625,10719.7998046875,10647.5498046875,10692.2998046875,0.0,12.020000457763672,66.9000015258789
2018-04-30,10705.75,10759.0,10704.599609375,10739.349609375,173800.0,12.359999656677246,66.61000061035156
2018-05-01,10705.75,10759.0,10704.599609375,10739.349609375,173800.0,12.359999656677246,66.44999694824219
2018-05-02,10783.849609375,10784.650390625,10689.7998046875,10718.0498046875,229700.0,12.84000015258789,66.7886962890625
2018-05-03,10720.150390625,10720.599609375,10647.4501953125,10679.650390625,185200.0,12.989999771118164,67.08000183105469
2018-05-04,10700.4501953125,10700.4501953125,10601.599609375,10618.25,186500.0,13.25,66.66000366210938
2018-05-07,10653.150390625,10725.650390625,10635.650390625,10715.5,168400.0,13.760000228881836,66.81050109863281
2018-05-08,10757.900390625,10758.5498046875,10689.400390625,10717.7998046875,269800.0,14.0600004196167,67.1187973022461
2018-05-09,10693.349609375,10766.25,10689.849609375,10741.7001953125,215400.0,14.270000457763672,67.1624984741211
2018-05-10,10779.650390625,10785.5498046875,10705.0,10716.5498046875,192100.0,14.430000305175781,67.62000274658203
2018-05-11,10741.9501953125,10812.0498046875,10724.4501953125,10806.5,203100.0,13.979999542236328,67.38999938964844
2018-05-14,10815.150390625,10834.849609375,10774.75,10806.599609375,171400.0,14.25,67.3822021484375
2018-05-15,10812.599609375,10929.2001953125,10781.400390625,10801.849609375,254300.0,13.170000076293945,67.6780014038086
2018-05-16,10751.9501953125,10790.4501953125,10699.7001953125,10741.099609375,231100.0,13.4399995803833,68.45999908447266
2018-05-17,10775.599609375,10777.25,10664.5,10682.7001953125,214100.0,13.40999984741211,68.05999755859375
2018-05-18,10671.849609375,10674.9501953125,10589.099609375,10596.400390625,223000.0,14.149999618530273,68.13999938964844
2018-05-21,10616.7001953125,10621.7001953125,10505.7998046875,10516.7001953125,0.0,14.40999984741211,67.9749984741211
2018-05-22,10518.4501953125,10558.599609375,10490.5498046875,10536.7001953125,241700.0,13.600000381469727,68.4000015258789
2018-05-23,10521.099609375,10533.5498046875,10417.7998046875,10430.349609375,290900.0,14.15999984741211,68.43000030517578
2018-05-24,10464.849609375,10535.150390625,10419.7998046875,10513.849609375,297600.0,13.149999618530273,68.6500015258789
2018-05-25,10533.0498046875,10628.0498046875,10524.0,10605.150390625,260800.0,12.649999618530273,68.26010131835938
2018-05-28,10648.349609375,10709.7998046875,10640.5498046875,10688.650390625,232600.0,13.0600004196167,67.7217025756836
2018-05-29,10689.400390625,10717.25,10616.099609375,10633.2998046875,225800.0,13.069999694824219,67.40280151367188
2018-05-30,10579.0,10648.7001953125,10558.4501953125,10614.349609375,238700.0,13.40999984741211,68.12999725341797
2018-05-31,10670.099609375,10763.7998046875,10620.400390625,10736.150390625,610300.0,13.220000267028809,67.43000030517578
2018-06-01,10738.4501953125,10764.75,10681.5,10696.2001953125,220600.0,13.569999694824219,67.43499755859375
2018-06-04,10765.9501953125,10770.2998046875,10618.349609375,10628.5,203800.0,13.880000114440918,66.92500305175781
2018-06-05,10630.7001953125,10633.150390625,10550.900390625,10593.150390625,167700.0,13.319999694824219,67.05999755859375
2018-06-06,10603.4501953125,10698.349609375,10587.5,10684.650390625,189900.0,12.550000190734863,67.08999633789062
2018-06-07,10722.599609375,10818.0,10722.599609375,10768.349609375,220900.0,12.779999732971191,66.8301010131836
2018-06-08,10736.400390625,10779.4501953125,10709.0498046875,10767.650390625,209400.0,12.699999809265137,67.41000366210938
2018-06-11,10781.849609375,10850.5498046875,10777.0498046875,10786.9501953125,211400.0,13.180000305175781,67.51000213623047
2018-06-12,10816.150390625,10856.5498046875,10789.400390625,10842.849609375,198300.0,12.729999542236328,67.48999786376953
2018-06-13,10887.5,10893.25,10842.650390625,10856.7001953125,213400.0,12.640000343322754,67.91000366210938
2018-06-14,10832.900390625,10833.7001953125,10773.5498046875,10808.0498046875,184300.0,12.100000381469727,67.77999877929688
2018-06-15,10808.650390625,10834.0,10755.400390625,10817.7001953125,305400.0,12.069999694824219,68.12999725341797
2018-06-18,10830.2001953125,10830.2001953125,10787.349609375,10799.849609375,196600.0,12.380000114440918,68.05000305175781
2018-06-19,10789.4501953125,10789.4501953125,10701.2001953125,10710.4501953125,224500.0,12.920000076293945,68.01000213623047
2018-06-20,10734.650390625,10781.7998046875,10724.0498046875,10772.0498046875,193500.0,12.170000076293945,68.05000305175781
2018-06-21,10808.4501953125,10809.599609375,10725.900390625,10741.099609375,223600.0,12.449999809265137,68.3499984741211
2018-06-22,10742.7001953125,10837.0,10710.4501953125,10821.849609375,229800.0,12.020000457763672,67.83000183105469
2018-06-25,10822.900390625,10831.0498046875,10753.0498046875,10762.4501953125,229600.0,12.579999923706055,67.85489654541016
2018-06-26,10742.7001953125,10805.25,10732.5498046875,10769.150390625,220000.0,12.800000190734863,68.33999633789062
2018-06-27,10785.5,10785.5,10652.400390625,10671.400390625,246000.0,13.510000228881836,68.36499786376953
2018-06-28,10660.7998046875,10674.2001953125,10557.7001953125,10589.099609375,352300.0,13.949999809265137,69.23999786376953
2018-06-29,10612.849609375,10723.0498046875,10612.349609375,10714.2998046875,242800.0,12.9399995803833,68.79669952392578
2018-07-02,10732.349609375,10736.150390625,10604.650390625,10657.2998046875,295400.0,13.369999885559082,68.43499755859375
2018-07-03,10668.599609375,10713.2998046875,10630.25,10699.900390625,202100.0,13.0,68.6948013305664
2018-07-04,10715.0,10777.150390625,10677.75,10769.900390625,173900.0,12.65999984741211,68.83000183105469
2018-07-05,10786.0498046875,10786.0498046875,10726.25,10749.75,220500.0,12.579999923706055,68.9800033569336
2018-07-06,10744.150390625,10816.349609375,10735.0498046875,10772.650390625,0.0,12.4399995803833,69.06999969482422
2018-07-09,10838.2998046875,10860.349609375,10807.150390625,10852.900390625,183600.0,12.390000343322754,68.75499725341797
2018-07-10,10902.75,10956.900390625,10876.650390625,10947.25,197000.0,12.399999618530273,68.65979766845703
2018-07-11,10956.400390625,10976.650390625,10923.0,10948.2998046875,222300.0,12.779999732971191,68.9000015258789
2018-07-12,11006.9501953125,11078.2998046875,10999.650390625,11023.2001953125,248300.0,12.510000228881836,68.72000122070312
2018-07-13,11056.900390625,11071.349609375,10999.75,11018.900390625,0.0,12.300000190734863,68.54000091552734
2018-07-16,11018.9501953125,11019.5,10926.25,10936.849609375,210500.0,12.949999809265137,68.48670196533203
2018-07-17,10939.650390625,11018.5,10925.599609375,11008.0498046875,210600.0,12.829999923706055,68.72000122070312
2018-07-18,11060.2001953125,11076.2001953125,10956.2998046875,10980.4501953125,225500.0,13.680000305175781,68.35600280761719
2018-07-19,10999.5,11006.5,10935.4501953125,10957.099609375,215400.0,13.59000015258789,68.6155014038086
2018-07-20,10963.5,11030.25,10946.2001953125,11010.2001953125,187300.0,13.539999961853027,68.93509674072266
2018-07-23,11019.849609375,11093.400390625,11010.9501953125,11084.75,229100.0,13.010000228881836,68.7332992553711
2018-07-24,11109.0,11143.400390625,11092.5,11134.2998046875,205800.0,12.470000267028809,69.19999694824219
2018-07-25,11148.400390625,11157.150390625,11113.25,11132.0,205900.0,12.210000038146973,68.80999755859375
2018-07-26,11132.9501953125,11185.849609375,11125.7001953125,11167.2998046875,365400.0,12.029999732971191,68.83999633789062
2018-07-27,11232.75,11283.400390625,11210.25,11278.349609375,314600.0,12.3100004196167,68.73999786376953
2018-07-30,11296.650390625,11328.099609375,11261.4501953125,11319.5498046875,278800.0,12.59000015258789,68.61499786376953
2018-07-31,11311.0498046875,11366.0,11267.75,11356.5,256500.0,12.479999542236328,68.68499755859375
2018-08-01,11359.7998046875,11390.5498046875,11313.5498046875,11346.2001953125,269700.0,12.529999732971191,68.4968032836914
2018-08-02,11328.900390625,11328.900390625,11234.9501953125,11244.7001953125,210000.0,12.5600004196167,68.30709838867188
2018-08-03,11297.7998046875,11368.0,11294.5498046875,11360.7998046875,218300.0,12.079999923706055,68.6155014038086
2018-08-06,11401.5,11427.650390625,11370.599609375,11387.099609375,203700.0,12.5600004196167,68.50499725341797
2018-08-07,11423.150390625,11428.9501953125,11359.7001953125,11389.4501953125,226400.0,12.579999923706055,68.80999755859375
2018-08-08,11412.5,11459.9501953125,11379.2998046875,11450.0,210500.0,12.539999961853027,68.59600067138672
2018-08-09,11493.25,11495.2001953125,11454.099609375,11470.7001953125,302200.0,12.680000305175781,68.45500183105469
2018-08-10,11474.9501953125,11478.75,11419.650390625,11429.5,0.0,12.850000381469727,69.0999984741211
2018-08-13,11369.599609375,11406.2998046875,11340.2998046875,11355.75,246900.0,13.399999618530273,69.08499908447266
2018-08-14,11381.7001953125,11452.4501953125,11370.7998046875,11435.099609375,232600.0,13.279999732971191,69.9490966796875
2018-08-15,11381.7001953125,11452.4501953125,11370.7998046875,11435.099609375,232600.0,13.279999732971191,69.94999694824219
2018-08-16,11397.150390625,11449.849609375,11366.25,11385.0498046875,290600.0,13.649999618530273,70.66000366210938
2018-08-17,11437.150390625,11486.4501953125,11431.7998046875,11470.75,234700.0,13.15999984741211,70.00499725341797
2018-08-20,11502.099609375,11565.2998046875,11499.650390625,11551.75,232600.0,13.029999732971191,69.78500366210938
2018-08-21,11576.2001953125,11581.75,11539.599609375,11570.900390625,224200.0,12.899999618530273,69.73999786376953
2018-08-22,11576.2001953125,11581.75,11539.599609375,11570.900390625,224200.0,12.899999618530273,69.80999755859375
2018-08-23,11620.7001953125,11620.7001953125,11546.7001953125,11582.75,248500.0,12.760000228881836,69.79000091552734
2018-08-24,11566.599609375,11604.599609375,11532.0,11557.099609375,218800.0,12.40999984741211,70.2750015258789
2018-08-27,11605.849609375,11700.9501953125,11595.599609375,11691.9501953125,199500.0,12.239999771118164,69.76499938964844
2018-08-28,11731.9501953125,11760.2001953125,11710.5,11738.5,241900.0,12.430000305175781,69.94499969482422
2018-08-29,11744.9501953125,11753.2001953125,11678.849609375,11691.900390625,251600.0,12.4399995803833,70.54000091552734
2018-08-30,11694.75,11698.7998046875,11639.7001953125,11676.7998046875,313800.0,12.40999984741211,70.91000366210938
2018-08-31,11675.849609375,11727.650390625,11640.099609375,11680.5,346500.0,12.600000381469727,71.40499877929688
2018-09-03,11751.7998046875,11751.7998046875,11567.400390625,11582.349609375,234400.0,13.390000343322754,70.99500274658203
2018-09-04,11598.75,11602.5498046875,11496.849609375,11520.2998046875,254800.0,13.779999732971191,71.06999969482422
2018-09-05,11514.849609375,11542.650390625,11393.849609375,11476.9501953125,246100.0,13.649999618530273,71.75
2018-09-06,11514.150390625,11562.25,11436.0498046875,11536.900390625,247900.0,13.720000267028809,71.88999938964844
2018-09-07,11558.25,11603.0,11484.400390625,11589.099609375,295900.0,13.890000343322754,71.93890380859375
2018-09-10,11570.25,11573.0,11427.2998046875,11438.099609375,286700.0,15.199999809265137,72.09500122070312
2018-09-11,11476.849609375,11479.400390625,11274.0,11287.5,0.0,15.329999923706055,72.44499969482422
2018-09-12,11340.099609375,11380.75,11250.2001953125,11369.900390625,268200.0,14.25,72.98999786376953
2018-09-13,11340.099609375,11380.75,11250.2001953125,11369.900390625,268200.0,14.25,71.92520141601562
2018-09-14,11443.5,11523.25,11430.5498046875,11515.2001953125,276600.0,13.84000015258789,72.02749633789062
2018-09-17,11464.9501953125,11464.9501953125,11366.900390625,11377.75,201400.0,14.5,72.09500122070312
2018-09-18,11381.5498046875,11411.4501953125,11268.9501953125,11278.900390625,240900.0,14.420000076293945,72.53479766845703
2018-09-19,11326.650390625,11332.0498046875,11210.900390625,11234.349609375,250600.0,14.010000228881836,73.12000274658203
2018-09-20,11326.650390625,11332.0498046875,11210.900390625,11234.349609375,250600.0,14.010000228881836,72.34500122070312
2018-09-21,11271.2998046875,11346.7998046875,10866.4501953125,11143.099609375,719000.0,15.539999961853027,71.72000122070312
2018-09-24,11164.400390625,11170.150390625,10943.599609375,10967.400390625,0.0,17.43000030517578,72.2300033569336
2018-09-25,10969.9501953125,11080.599609375,10882.849609375,11067.4501953125,405000.0,16.68000030517578,73.30000305175781
2018-09-26,11145.5498046875,11145.5498046875,10993.0498046875,11053.7998046875,340500.0,17.09000015258789,73.08999633789062
2018-09-27,11079.7998046875,11089.4501953125,10953.349609375,10977.5498046875,405700.0,16.920000076293945,72.7699966430664
2018-09-28,11008.099609375,11034.099609375,10850.2998046875,10930.4501953125,478100.0,17.0,72.94999694824219
2018-10-01,10930.900390625,11035.650390625,10821.5498046875,11008.2998046875,387000.0,16.84000015258789,72.50499725341797
2018-10-02,10930.900390625,11035.650390625,10821.5498046875,11008.2998046875,387000.0,16.84000015258789,73.75499725341797
2018-10-03,10982.7001953125,10989.0498046875,10843.75,10858.25,386800.0,18.1200008392334,73.27999877929688
2018-10-04,10754.7001953125,10754.7001953125,10547.25,10599.25,425100.0,18.920000076293945,73.8499984741211
2018-10-05,10514.099609375,10540.650390625,10261.900390625,10316.4501953125,606400.0,19.729999542236328,74.22000122070312
2018-10-08,10310.150390625,10398.349609375,10198.400390625,10348.0498046875,456200.0,20.149999618530273,73.76300048828125
2018-10-09,10390.2998046875,10397.599609375,10279.349609375,10301.0498046875,430500.0,19.760000228881836,73.88999938964844
2018-10-10,10331.849609375,10482.349609375,10318.25,10460.099609375,0.0,17.90999984741211,74.55000305175781
2018-10-11,10169.7998046875,10335.9501953125,10138.599609375,10234.650390625,483500.0,20.549999237060547,74.5999984741211
2018-10-12,10331.5498046875,10492.4501953125,10322.150390625,10472.5,343500.0,18.6299991607666,74.16000366210938
2018-10-15,10524.2001953125,10526.2998046875,10410.150390625,10512.5,259500.0,18.889999389648438,73.6760025024414
2018-10-16,10550.150390625,10604.900390625,10525.2998046875,10584.75,265200.0,17.3700008392334,74.08000183105469
2018-10-17,10688.7001953125,10710.150390625,10436.4501953125,10453.0498046875,284800.0,17.979999542236328,73.45549774169922
2018-10-18,10688.7001953125,10710.150390625,10436.4501953125,10453.0498046875,284800.0,17.979999542236328,73.91999816894531
2018-10-19,10339.7001953125,10380.099609375,10249.599609375,10303.5498046875,357500.0,19.790000915527344,74.16000366210938
2018-10-22,10405.849609375,10408.5498046875,10224.0,10245.25,297300.0,21.360000610351562,73.46499633789062
2018-10-23,10152.599609375,10222.099609375,10102.349609375,10146.7998046875,302600.0,19.040000915527344,73.8594970703125
2018-10-24,10278.150390625,10290.650390625,10126.7001953125,10224.75,351400.0,18.8799991607666,73.22129821777344
2018-10-25,10135.0498046875,10166.599609375,10079.2998046875,10124.900390625,0.0,18.959999084472656,73.22049713134766
2018-10-26,10122.349609375,10128.849609375,10004.5498046875,10030.0,364300.0,19.229999542236328,73.22019958496094
2018-10-29,10078.099609375,10275.2998046875,10020.349609375,10250.849609375,364400.0,19.829999923706055,73.125
2018-10-30,10239.400390625,10285.099609375,10175.349609375,10198.400390625,289800.0,20.5,73.5905990600586
2018-10-31,10209.5498046875,10396.0,10105.099609375,10386.599609375,375000.0,19.799999237060547,73.6500015258789
2018-11-01,10441.7001953125,10441.900390625,10341.900390625,10380.4501953125,348500.0,19.190000534057617,74.06999969482422
2018-11-02,10462.2998046875,10606.9501953125,10457.7001953125,10553.0,421200.0,18.229999542236328,73.30999755859375
2018-11-05,10558.75,10558.7998046875,10477.0,10524.0,301900.0,19.479999542236328,72.90499877929688
2018-11-06,10552.0,10600.25,10491.4501953125,10530.0,0.0,18.510000228881836,72.86000061035156
2018-11-07,10614.4501953125,10616.4501953125,10582.2998046875,10598.400390625,31200.0,17.719999313354492,73.2300033569336
2018-11-08,10614.4501953125,10616.4501953125,10582.2998046875,10598.400390625,31200.0,17.719999313354492,72.37999725341797
2018-11-09,10614.7001953125,10619.5498046875,10544.849609375,10585.2001953125,296600.0,17.770000457763672,72.9000015258789
2018-11-12,10607.7998046875,10645.5,10464.0498046875,10482.2001953125,259700.0,19.3700008392334,72.47000122070312
2018-11-13,10451.900390625,10596.25,10440.5498046875,10582.5,254600.0,18.700000762939453,73.18000030517578
2018-11-14,10634.900390625,10651.599609375,10532.7001953125,10576.2998046875,384500.0,18.829999923706055,72.55000305175781
2018-11-15,10580.599609375,10646.5,10557.5,10616.7001953125,0.0,18.450000762939453,72.4000015258789
2018-11-16,10644.0,10695.150390625,10631.150390625,10682.2001953125,342800.0,18.350000381469727,71.8917007446289
2018-11-19,10731.25,10774.7001953125,10688.7998046875,10763.400390625,272100.0,19.260000228881836,71.7750015258789
2018-11-20,10740.099609375,10740.849609375,10640.849609375,10656.2001953125,295200.0,19.329999923706055,71.69000244140625
2018-11-21,10670.9501953125,10671.2998046875,10562.349609375,10600.0498046875,300900.0,19.559999465942383,71.41500091552734
2018-11-22,10612.650390625,10646.25,10512.0,10526.75,239500.0,19.15999984741211,71.29499816894531
2018-11-23,10612.650390625,10646.25,10512.0,10526.75,239500.0,19.15999984741211,70.83499908447266
2018-11-26,10568.2998046875,10637.7998046875,10489.75,10628.599609375,0.0,20.399999618530273,70.66999816894531
2018-11-27,10621.4501953125,10695.150390625,10596.349609375,10685.599609375,0.0,18.31999969482422,70.80999755859375
2018-11-28,10708.75,10757.7998046875,10699.849609375,10728.849609375,424500.0,17.959999084472656,70.87999725341797
2018-11-29,10808.7001953125,10883.0498046875,10782.349609375,10858.7001953125,691300.0,18.700000762939453,70.5999984741211
2018-11-30,10892.099609375,10922.4501953125,10835.099609375,10876.75,453900.0,19.15999984741211,69.91999816894531
2018-12-03,10930.7001953125,10941.2001953125,10845.349609375,10883.75,409700.0,18.219999313354492,69.76000213623047
2018-12-04,10877.099609375,10890.9501953125,10833.349609375,10869.5,322100.0,18.110000610351562,70.48500061035156
2018-12-05,10820.4501953125,10821.0498046875,10747.9501953125,10782.900390625,312300.0,18.389999389648438,70.62999725341797
2018-12-06,10718.150390625,10722.650390625,10588.25,10601.150390625,318500.0,19.309999465942383,70.87000274658203
2018-12-07,10644.7998046875,10704.5498046875,10599.349609375,10693.7001953125,325800.0,18.59000015258789,70.75
2018-12-10,10508.7001953125,10558.849609375,10474.9501953125,10488.4501953125,381300.0,20.440000534057617,71.36499786376953
2018-12-11,10350.0498046875,10567.150390625,10333.849609375,10549.150390625,425500.0,17.950000762939453,72.7300033569336
2018-12-12,10591.0,10752.2001953125,10560.7998046875,10737.599609375,360500.0,15.8100004196167,72.62000274658203
2018-12-13,10810.75,10838.599609375,10749.5,10791.5498046875,376200.0,15.550000190734863,72.1500015258789
2018-12-14,10784.5,10815.75,10752.099609375,10805.4501953125,340100.0,15.15999984741211,71.5469970703125
2018-12-17,10853.2001953125,10900.349609375,10844.849609375,10888.349609375,296900.0,14.539999961853027,71.91000366210938
2018-12-18,10850.900390625,10915.400390625,10819.099609375,10908.7001953125,286100.0,14.579999923706055,71.58999633789062
2018-12-19,10930.5498046875,10985.150390625,10928.0,10967.2998046875,312100.0,14.65999984741211,70.56999969482422
2018-12-20,10885.2001953125,10962.5498046875,10880.0498046875,10951.7001953125,318900.0,14.329999923706055,70.68550109863281
2018-12-21,10944.25,10963.650390625,10738.650390625,10754.0,377500.0,15.989999771118164,70.30000305175781
2018-12-24,10780.900390625,10782.2998046875,10649.25,10663.5,223400.0,15.75,70.13999938964844
2018-12-25,10780.900390625,10782.2998046875,10649.25,10663.5,223400.0,15.75,70.23999786376953
2018-12-26,10635.4501953125,10747.5,10534.5498046875,10729.849609375,263700.0,15.920000076293945,70.23999786376953
2018-12-27,10817.900390625,10834.2001953125,10764.4501953125,10779.7998046875,456100.0,16.06999969482422,70.1500015258789
2018-12-28,10820.9501953125,10893.599609375,10817.150390625,10859.900390625,245500.0,15.270000457763672,69.98999786376953
2018-12-31,10913.2001953125,10923.5498046875,10853.2001953125,10862.5498046875,180900.0,16.0,69.92250061035156
2019-01-01,10913.2001953125,10923.5498046875,10853.2001953125,10862.5498046875,180900.0,15.329999923706055,69.70999908447266
2019-01-02,10868.849609375,10895.349609375,10735.0498046875,10792.5,309700.0,16.389999389648438,69.70999908447266
2019-01-03,10796.7998046875,10814.0498046875,10661.25,10672.25,286200.0,16.790000915527344,69.95999908447266
2019-01-04,10699.7001953125,10741.0498046875,10628.650390625,10727.349609375,296600.0,16.15999984741211,70.30000305175781
2019-01-07,10804.849609375,10835.9501953125,10750.150390625,10771.7998046875,269400.0,16.299999237060547,69.5250015258789
2019-01-08,10786.25,10818.4501953125,10733.25,10802.150390625,277700.0,15.699999809265137,69.80999755859375
2019-01-09,10862.400390625,10870.400390625,10749.400390625,10855.150390625,333000.0,15.270000457763672,70.33000183105469
2019-01-10,10859.349609375,10859.349609375,10801.7998046875,10821.599609375,254400.0,15.350000381469727,70.55049896240234
2019-01-11,10834.75,10850.150390625,10739.400390625,10794.9501953125,260800.0,15.350000381469727,70.72000122070312
2019-01-14,10807.0,10808.0,10692.349609375,10737.599609375,298800.0,16.15999984741211,70.37000274658203
2019-01-15,10777.5498046875,10896.9501953125,10777.5498046875,10886.7998046875,310700.0,15.579999923706055,71.08499908447266
2019-01-16,10899.650390625,10928.150390625,10876.900390625,10890.2998046875,276500.0,16.079999923706055,71.09249877929688
2019-01-17,10920.849609375,10930.650390625,10844.650390625,10905.2001953125,271700.0,16.239999771118164,71.36499786376953
2019-01-18,10914.849609375,10928.2001953125,10852.2001953125,10906.9501953125,323800.0,16.6200008392334,71.03019714355469
2019-01-21,10919.349609375,10987.4501953125,10885.75,10961.849609375,288800.0,18.149999618530273,71.2300033569336
2019-01-22,10949.7998046875,10949.7998046875,10864.150390625,10922.75,300800.0,17.989999771118164,71.5
2019-01-23,10931.0498046875,10944.7998046875,10811.9501953125,10831.5,298900.0,18.09000015258789,71.2302017211914
2019-01-24,10844.0498046875,10866.599609375,10798.650390625,10849.7998046875,361100.0,17.43000030517578,71.15730285644531
2019-01-25,10859.75,10931.7001953125,10756.4501953125,10780.5498046875,463400.0,17.690000534057617,70.98999786376953
2019-01-28,10792.4501953125,10804.4501953125,10630.9501953125,10661.5498046875,419700.0,18.899999618530273,70.9749984741211
2019-01-29,10653.7001953125,10690.349609375,10583.650390625,10652.2001953125,356900.0,18.43000030517578,71.09010314941406
2019-01-30,10702.25,10710.2001953125,10612.849609375,10651.7998046875,410100.0,17.850000381469727,71.62000274658203
2019-01-31,10690.5498046875,10838.0498046875,10678.5498046875,10830.9501953125,604800.0,17.1200008392334,71.12000274658203
2019-02-01,10851.349609375,10983.4501953125,10813.4501953125,10893.650390625,482300.0,15.720000267028809,71.19999694824219
2019-02-04,10876.75,10927.900390625,10814.150390625,10912.25,318300.0,15.720000267028809,71.45169830322266
2019-02-05,10908.650390625,10956.7001953125,10886.7001953125,10934.349609375,268100.0,15.779999732971191,71.68499755859375
2019-02-06,10965.099609375,11072.599609375,10962.7001953125,11062.4501953125,298500.0,15.630000114440918,71.7699966430664
2019-02-07,11070.4501953125,11118.099609375,11043.599609375,11069.400390625,263500.0,15.4399995803833,71.54049682617188
2019-02-08,11023.5,11041.2001953125,10925.4501953125,10943.599609375,352800.0,15.569999694824219,71.58000183105469
2019-02-11,10930.900390625,10930.900390625,10857.099609375,10888.7998046875,286000.0,15.84000015258789,71.1500015258789
2019-02-12,10879.7001953125,10910.900390625,10823.7998046875,10831.400390625,292300.0,15.75,71.2300033569336
2019-02-13,10879.7001953125,10910.900390625,10823.7998046875,10831.400390625,292300.0,15.75,70.80999755859375
2019-02-14,10786.099609375,10792.7001953125,10718.75,10746.0498046875,627000.0,15.770000457763672,70.86509704589844
2019-02-15,10780.25,10785.75,10620.400390625,10724.400390625,521900.0,16.459999084472656,71.01000213623047
2019-02-18,10738.650390625,10759.900390625,10628.400390625,10640.9501953125,345400.0,18.0,71.31999969482422
2019-02-19,10636.7001953125,10722.849609375,10585.650390625,10604.349609375,291500.0,18.469999313354492,71.69999694824219
2019-02-20,10655.4501953125,10752.7001953125,10646.400390625,10735.4501953125,289200.0,17.059999465942383,71.5999984741211
2019-02-21,10744.099609375,10808.849609375,10721.5,10789.849609375,279600.0,16.049999237060547,71.30000305175781
2019-02-22,10782.7001953125,10801.5498046875,10758.400390625,10791.650390625,396800.0,15.449999809265137,71.18499755859375
2019-02-25,10813.25,10887.099609375,10788.0498046875,10880.099609375,385900.0,15.359999656677246,71.03099822998047
2019-02-26,10775.2998046875,10888.75,10729.2998046875,10835.2998046875,415000.0,17.110000610351562,71.08999633789062
2019-02-27,10881.2001953125,10939.7001953125,10751.2001953125,10806.650390625,381100.0,18.899999618530273,70.94000244140625
2019-02-28,10865.7001953125,10865.7001953125,10784.849609375,10792.5,644200.0,18.280000686645508,71.19000244140625
2019-03-01,10842.650390625,10877.900390625,10823.099609375,10863.5,308500.0,16.270000457763672,70.81600189208984
2019-03-04,10842.650390625,10877.900390625,10823.099609375,10863.5,308500.0,16.270000457763672,70.98999786376953
2019-03-05,10864.849609375,10994.900390625,10817.0,10987.4501953125,373200.0,15.65999984741211,70.9000015258789
2019-03-06,11024.849609375,11062.2998046875,10998.849609375,11053.0,372600.0,15.609999656677246,70.74250030517578
2019-03-07,11077.9501953125,11089.0498046875,11027.099609375,11058.2001953125,321200.0,15.289999961853027,70.36499786376953
2019-03-08,11038.849609375,11049.0,11008.9501953125,11035.400390625,326600.0,14.9399995803833,70.48750305175781
2019-03-11,11068.75,11180.900390625,11059.849609375,11168.0498046875,352200.0,14.899999618530273,69.98690032958984
2019-03-12,11231.349609375,11320.400390625,11227.0,11301.2001953125,391300.0,15.100000381469727,69.79010009765625
2019-03-13,11326.2001953125,11352.2998046875,11276.599609375,11341.7001953125,383000.0,15.279999732971191,69.84500122070312
2019-03-14,11382.5,11383.4501953125,11313.75,11343.25,294500.0,15.149999618530273,69.72630310058594
2019-03-15,11376.849609375,11487.0,11370.7998046875,11426.849609375,463700.0,15.869999885559082,69.3373031616211
2019-03-18,11473.849609375,11530.150390625,11412.5,11462.2001953125,320300.0,16.899999618530273,68.9530029296875
2019-03-19,11500.2998046875,11543.849609375,11451.25,11532.400390625,326100.0,16.489999771118164,68.61799621582031
2019-03-20,11553.349609375,11556.099609375,11503.099609375,11521.0498046875,366300.0,16.030000686645508,69.31749725341797
2019-03-21,11553.349609375,11556.099609375,11503.099609375,11521.0498046875,366300.0,16.030000686645508,68.82499694824219
2019-03-22,11549.2001953125,11572.7998046875,11434.5498046875,11456.900390625,386200.0,16.270000457763672,68.93000030517578
2019-03-25,11395.650390625,11395.650390625,11311.599609375,11354.25,294500.0,16.670000076293945,69.1604995727539
2019-03-26,11375.2001953125,11496.75,11352.4501953125,11483.25,282600.0,16.489999771118164,68.92340087890625
2019-03-27,11531.4501953125,11546.2001953125,11413.0,11445.0498046875,350400.0,17.049999237060547,69.42749786376953
2019-03-28,11463.650390625,11588.5,11452.4501953125,11570.0,527700.0,16.649999618530273,69.37000274658203
2019-03-29,11463.650390625,11588.5,11452.4501953125,11570.0,527700.0,16.649999618530273,69.5
2019-04-01,11665.2001953125,11738.099609375,11644.75,11669.150390625,379600.0,18.010000228881836,69.43000030517578
2019-04-02,11711.5498046875,11729.349609375,11655.849609375,11713.2001953125,386100.0,18.079999923706055,69.19529724121094
2019-04-03,11735.2998046875,11761.0,11629.150390625,11643.9501953125,365800.0,18.780000686645508,68.91020202636719
2019-04-04,11660.2001953125,11662.5498046875,11559.2001953125,11598.0,349000.0,18.649999618530273,68.8499984741211
2019-04-05,11638.400390625,11689.650390625,11609.5,11665.9501953125,266700.0,18.389999389648438,68.97039794921875
2019-04-08,11704.349609375,11710.2998046875,11549.099609375,11604.5,260900.0,20.149999618530273,69.16000366210938
2019-04-09,11612.0498046875,11683.900390625,11569.7001953125,11671.9501953125,300500.0,20.280000686645508,69.55249786376953
2019-04-10,11646.849609375,11680.0498046875,11571.75,11584.2998046875,359900.0,21.1299991607666,69.26180267333984
2019-04-11,11592.5498046875,11606.7001953125,11550.5498046875,11596.7001953125,279800.0,20.959999084472656,69.14019775390625
2019-04-12,11612.849609375,11657.349609375,11578.7998046875,11643.4501953125,246000.0,21.0,69.43000030517578
2019-04-15,11667.0,11704.599609375,11648.25,11690.349609375,290000.0,21.389999389648438,69.16100311279297
2019-04-16,11736.2001953125,11810.9501953125,11731.5498046875,11787.150390625,354300.0,21.690000534057617,69.80999755859375
2019-04-17,11736.2001953125,11810.9501953125,11731.5498046875,11787.150390625,354300.0,21.690000534057617,69.88500213623047
2019-04-18,11856.150390625,11856.150390625,11738.5,11752.7998046875,339700.0,22.739999771118164,69.4010009765625
2019-04-19,11856.150390625,11856.150390625,11738.5,11752.7998046875,339700.0,22.739999771118164,69.38099670410156
2019-04-22,11727.0498046875,11727.0498046875,11583.9501953125,11594.4501953125,260400.0,24.049999237060547,69.36000061035156
2019-04-23,11612.9501953125,11645.9501953125,11564.7998046875,11575.9501953125,272500.0,24.649999618530273,70.0625
2019-04-24,11601.5,11740.849609375,11578.849609375,11726.150390625,335200.0,23.709999084472656,69.75800323486328
2019-04-25,11735.7001953125,11796.75,11624.2998046875,11641.7998046875,604400.0,23.229999542236328,70.0958023071289
2019-04-26,11683.75,11762.900390625,11661.75,11754.650390625,333500.0,21.719999313354492,70.16000366210938
2019-04-29,11683.75,11762.900390625,11661.75,11754.650390625,333500.0,21.719999313354492,69.84200286865234
2019-04-30,11748.75,11756.25,11655.900390625,11748.150390625,532600.0,21.829999923706055,69.81179809570312
2019-05-01,11748.75,11756.25,11655.900390625,11748.150390625,532600.0,21.829999923706055,69.55599975585938
2019-05-02,11725.5498046875,11789.2998046875,11699.5498046875,11724.75,380300.0,22.979999542236328,69.63289642333984
2019-05-03,11722.599609375,11770.900390625,11699.349609375,11712.25,305500.0,24.030000686645508,69.42440032958984
2019-05-06,11605.7998046875,11632.5498046875,11571.349609375,11598.25,299000.0,26.43000030517578,69.16799926757812
2019-05-07,11651.5,11657.0498046875,11484.4501953125,11497.900390625,337500.0,26.479999542236328,69.40029907226562
2019-05-08,11478.7001953125,11479.099609375,11346.9501953125,11359.4501953125,372800.0,26.3700008392334,69.91000366210938
2019-05-09,11322.400390625,11357.599609375,11255.0498046875,11301.7998046875,373000.0,25.489999771118164,70.01000213623047
2019-05-10,11314.150390625,11345.7998046875,11251.0498046875,11278.900390625,387300.0,26.34000015258789,70.41000366210938
2019-05-13,11258.7001953125,11300.2001953125,11125.599609375,11148.2001953125,357600.0,27.3799991607666,69.92250061035156
2019-05-14,11151.650390625,11294.75,11108.2998046875,11222.0498046875,398100.0,27.1299991607666,70.61699676513672
2019-05-15,11271.7001953125,11286.7998046875,11136.9501953125,11157.0,414200.0,28.65999984741211,70.30699920654297
2019-05-16,11180.349609375,11281.5498046875,11143.349609375,11257.099609375,350700.0,28.3700008392334,70.20919799804688
2019-05-17,11261.900390625,11426.150390625,11259.849609375,11407.150390625,412100.0,28.079999923706055,70.23500061035156
2019-05-20,11651.900390625,11845.2001953125,11591.7001953125,11828.25,452100.0,23.68000030517578,70.28150177001953
2019-05-21,11863.650390625,11883.5498046875,11682.7998046875,11709.099609375,381000.0,25.649999618530273,70.12750244140625
2019-05-22,11727.9501953125,11784.7998046875,11682.400390625,11737.900390625,355900.0,27.6299991607666,70.12750244140625
2019-05-23,11901.2998046875,12041.150390625,11614.5,11657.0498046875,569000.0,19.40999984741211,69.97250366210938
2019-05-24,11748.0,11859.0,11658.099609375,11844.099609375,374600.0,16.469999313354492,69.94499969482422
2019-05-27,11855.5,11957.150390625,11812.400390625,11924.75,348400.0,16.190000534057617,69.36000061035156
2019-05-28,11958.349609375,11958.5498046875,11864.900390625,11928.75,598300.0,15.920000076293945,69.72000122070312
2019-05-29,11905.7998046875,11931.900390625,11836.7998046875,11861.099609375,318100.0,16.40999984741211,69.875
2019-05-30,11865.2998046875,11968.5498046875,11859.400390625,11945.900390625,421200.0,15.609999656677246,69.81500244140625
2019-05-31,11999.7998046875,12039.25,11829.4501953125,11922.7998046875,438900.0,16.06999969482422,69.9800033569336
2019-06-03,11953.75,12103.0498046875,11920.099609375,12088.5498046875,315300.0,15.970000267028809,69.5696029663086
2019-06-04,12052.650390625,12095.2001953125,12005.849609375,12021.650390625,289200.0,15.630000114440918,69.16190338134766
2019-06-05,12052.650390625,12095.2001953125,12005.849609375,12021.650390625,289200.0,15.630000114440918,69.55999755859375
2019-06-06,12039.7998046875,12039.7998046875,11830.25,11843.75,415200.0,15.529999732971191,69.625
2019-06-07,11865.2001953125,11897.5,11769.5,11870.650390625,302500.0,14.859999656677246,69.36000061035156
2019-06-10,11934.900390625,11975.0498046875,11871.75,11922.7001953125,303300.0,14.979999542236328,69.34500122070312
2019-06-11,11959.849609375,12000.349609375,11904.349609375,11965.599609375,332200.0,14.489999771118164,69.52349853515625
2019-06-12,11962.4501953125,11962.4501953125,11866.349609375,11906.2001953125,283700.0,14.119999885559082,69.3864974975586
2019-06-13,11873.900390625,11931.349609375,11817.0498046875,11914.0498046875,447900.0,13.65999984741211,69.69999694824219
2019-06-14,11910.099609375,11911.849609375,11797.7001953125,11823.2998046875,390300.0,13.899999618530273,69.80000305175781
2019-06-17,11844.0,11844.0498046875,11657.75,11672.150390625,295500.0,14.649999618530273,69.77050018310547
2019-06-18,11677.0498046875,11727.2001953125,11641.150390625,11691.5,365500.0,14.600000381469727,70.11250305175781
2019-06-19,11744.4501953125,11802.5,11625.099609375,11691.4501953125,446900.0,14.729999542236328,69.76499938964844
2019-06-20,11653.650390625,11843.5,11635.0498046875,11831.75,442000.0,14.0,69.87000274658203
2019-06-21,11827.599609375,11827.9501953125,11705.099609375,11724.099609375,468400.0,14.609999656677246,69.77999877929688
2019-06-24,11725.7998046875,11754.0,11670.2001953125,11699.650390625,277600.0,15.220000267028809,69.56990051269531
2019-06-25,11681.0,11814.400390625,11651.0,11796.4501953125,300500.0,15.010000228881836,69.60250091552734
2019-06-26,11768.150390625,11871.849609375,11757.5498046875,11847.5498046875,327900.0,14.75,69.63749694824219
2019-06-27,11860.849609375,11911.150390625,11821.0498046875,11841.5498046875,480200.0,14.649999618530273,69.60250091552734
2019-06-28,11861.150390625,11871.7001953125,11775.5,11788.849609375,303900.0,14.949999809265137,69.32499694824219
2019-07-01,11839.900390625,11884.650390625,11830.7998046875,11865.599609375,278400.0,14.600000381469727,68.94049835205078
2019-07-02,11890.2998046875,11917.4501953125,11814.7001953125,11910.2998046875,363200.0,14.25,69.1675033569336
2019-07-03,11932.150390625,11945.2001953125,11887.0498046875,11916.75,340500.0,13.699999809265137,69.0824966430664
2019-07-04,11928.7998046875,11969.25,11923.650390625,11946.75,333600.0,13.529999732971191,69.00749969482422
2019-07-05,11964.75,11981.75,11797.900390625,11811.150390625,530700.0,13.069999694824219,68.73999786376953
2019-07-08,11770.400390625,11771.900390625,11523.2998046875,11558.599609375,464000.0,13.850000381469727,68.44000244140625
2019-07-09,11531.599609375,11582.5498046875,11461.0,11555.900390625,442500.0,13.6899995803833,68.8499984741211
2019-07-10,11536.150390625,11593.7001953125,11475.650390625,11498.900390625,337600.0,13.640000343322754,68.76499938964844
2019-07-11,11561.4501953125,11599.0,11519.5,11582.900390625,317300.0,12.470000267028809,68.36759948730469
2019-07-12,11601.150390625,11639.5498046875,11538.599609375,11552.5,359400.0,12.0,68.66999816894531
2019-07-15,11614.75,11618.400390625,11532.2998046875,11588.349609375,368800.0,12.020000457763672,68.55030059814453
2019-07-16,11596.650390625,11670.0498046875,11573.9501953125,11662.599609375,480200.0,11.5600004196167,68.74749755859375
2019-07-17,11670.75,11706.650390625,11651.150390625,11687.5,464800.0,11.800000190734863,68.8949966430664
2019-07-18,11675.599609375,11677.150390625,11582.400390625,11596.900390625,498300.0,11.75,68.78600311279297
2019-07-19,11627.9501953125,11640.349609375,11399.2998046875,11419.25,446000.0,12.520000457763672,68.8499984741211
2019-07-22,11392.849609375,11398.150390625,11301.25,11346.2001953125,516000.0,13.010000228881836,68.83000183105469
2019-07-23,11372.25,11398.150390625,11302.7998046875,11331.0498046875,458900.0,13.430000305175781,69.16000366210938
2019-07-24,11322.4501953125,11359.75,11229.7998046875,11271.2998046875,413200.0,12.760000228881836,69.0199966430664
2019-07-25,11290.400390625,11361.400390625,11239.349609375,11252.150390625,553700.0,12.640000343322754,69.18499755859375
2019-07-26,11247.4501953125,11307.599609375,11210.0498046875,11284.2998046875,522700.0,12.130000114440918,69.15049743652344
2019-07-29,11307.5,11310.9501953125,11152.400390625,11189.2001953125,482900.0,13.0600004196167,68.87000274658203
2019-07-30,11213.7001953125,11267.4501953125,11072.650390625,11085.400390625,479100.0,13.609999656677246,68.94999694824219
2019-07-31,11034.0498046875,11145.2998046875,10999.400390625,11118.0,536700.0,13.59000015258789,69.07749938964844
2019-08-01,11060.2001953125,11076.75,10881.0,10980.0,499900.0,14.5600004196167,69.40499877929688
2019-08-02,10930.2998046875,11080.150390625,10848.9501953125,10997.349609375,547400.0,15.1899995803833,69.29720306396484
2019-08-05,10895.7998046875,10895.7998046875,10782.599609375,10862.599609375,506600.0,16.59000015258789,69.65689849853516
2019-08-06,10815.400390625,11018.5498046875,10813.7998046875,10948.25,517900.0,16.1200008392334,71.5199966430664
2019-08-07,10958.099609375,10975.650390625,10835.900390625,10855.5,548500.0,16.739999771118164,71.2300033569336
2019-08-08,10899.2001953125,11058.0498046875,10842.9501953125,11032.4501953125,482500.0,16.09000015258789,71.16510009765625
2019-08-09,11087.900390625,11181.4501953125,11062.7998046875,11109.650390625,538100.0,15.850000381469727,70.47090148925781
2019-08-12,11087.900390625,11181.4501953125,11062.7998046875,11109.650390625,538100.0,15.850000381469727,71.03500366210938
2019-08-13,11139.400390625,11145.900390625,10901.599609375,10925.849609375,624600.0,17.780000686645508,71.58000183105469
2019-08-14,11003.25,11078.150390625,10935.599609375,11029.400390625,511500.0,16.360000610351562,71.08000183105469
2019-08-15,11003.25,11078.150390625,10935.599609375,11029.400390625,511500.0,16.360000610351562,71.63520050048828
2019-08-16,11043.650390625,11068.650390625,10924.2998046875,11047.7998046875,470900.0,16.649999618530273,71.72000122070312
2019-08-19,11094.7998046875,11146.900390625,11037.849609375,11053.900390625,369500.0,16.75,71.13200378417969
2019-08-20,11063.900390625,11076.2998046875,10985.2998046875,11017.0,444700.0,16.6299991607666,71.99500274658203
2019-08-21,11018.150390625,11034.2001953125,10906.650390625,10918.7001953125,557900.0,17.020000457763672,71.80999755859375
2019-08-22,10905.2998046875,10908.25,10718.2998046875,10741.349609375,668200.0,17.850000381469727,71.43779754638672
2019-08-23,10699.599609375,10862.5498046875,10637.150390625,10829.349609375,667100.0,17.350000381469727,71.92040252685547
2019-08-26,11000.2998046875,11070.2998046875,10756.5498046875,11057.849609375,684100.0,16.65999984741211,71.50250244140625
2019-08-27,11106.5498046875,11141.75,11049.5,11105.349609375,685600.0,16.010000228881836,72.16000366210938
2019-08-28,11101.2998046875,11129.650390625,10987.650390625,11046.099609375,550000.0,16.84000015258789,71.53500366210938
2019-08-29,10996.0498046875,11021.099609375,10922.400390625,10948.2998046875,649900.0,16.43000030517578,72.08499908447266
2019-08-30,10987.7998046875,11042.599609375,10874.7998046875,11023.25,628200.0,16.280000686645508,71.6801986694336
2019-09-02,10987.7998046875,11042.599609375,10874.7998046875,11023.25,628200.0,16.280000686645508,71.72989654541016
2019-09-03,10960.9501953125,10967.5,10772.7001953125,10797.900390625,483000.0,18.059999465942383,71.96209716796875
2019-09-04,10790.400390625,10858.75,10746.349609375,10844.650390625,508800.0,17.239999771118164,72.45999908447266
2019-09-05,10860.9501953125,10920.099609375,10816.0,10847.900390625,595700.0,17.270000457763672,71.95570373535156
2019-09-06,10883.7998046875,10957.0498046875,10867.4501953125,10946.2001953125,497200.0,16.270000457763672,72.22000122070312
2019-09-09,10936.7001953125,11028.849609375,10889.7998046875,11003.0498046875,412500.0,15.850000381469727,71.66999816894531
2019-09-10,10936.7001953125,11028.849609375,10889.7998046875,11003.0498046875,412500.0,15.850000381469727,72.09249877929688
2019-09-11,11028.5,11054.7998046875,11011.650390625,11035.7001953125,687100.0,15.369999885559082,71.85900115966797
2019-09-12,11058.2998046875,11081.75,10964.9501953125,10982.7998046875,551400.0,14.899999618530273,71.56009674072266
2019-09-13,10986.7998046875,11084.4501953125,10945.75,11075.900390625,624300.0,14.119999885559082,71.28500366210938
2019-09-16,10994.849609375,11052.7001953125,10968.2001953125,11003.5,434500.0,14.949999809265137,71.02069854736328
2019-09-17,11000.099609375,11000.099609375,10796.5,10817.599609375,482000.0,16.020000457763672,71.74909973144531
2019-09-18,10872.7998046875,10885.150390625,10804.849609375,10840.650390625,519200.0,15.350000381469727,71.70999908447266
2019-09-19,10845.2001953125,10845.2001953125,10670.25,10704.7998046875,642600.0,15.550000190734863,71.5425033569336
2019-09-20,10746.7998046875,11381.900390625,10691.0,11274.2001953125,1356800.0,15.399999618530273,71.71749877929688
2019-09-23,11542.7001953125,11694.849609375,11471.349609375,11600.2001953125,882800.0,16.790000915527344,71.19159698486328
2019-09-24,11590.7001953125,11655.0498046875,11539.2001953125,11588.2001953125,651700.0,16.729999542236328,70.78959655761719
2019-09-25,11564.849609375,11564.9501953125,11416.099609375,11440.2001953125,629100.0,16.170000076293945,71.28500366210938
2019-09-26,11469.849609375,11610.849609375,11466.349609375,11571.2001953125,844500.0,16.34000015258789,71.30999755859375
2019-09-27,11556.349609375,11593.599609375,11499.75,11512.400390625,650000.0,16.110000610351562,71.21499633789062
2019-09-30,11491.150390625,11508.25,11390.7998046875,11474.4501953125,756800.0,15.869999885559082,70.49870300292969
2019-10-01,11515.400390625,11554.2001953125,11247.900390625,11359.900390625,1305400.0,16.760000228881836,70.92250061035156
2019-10-02,11515.400390625,11554.2001953125,11247.900390625,11359.900390625,1305400.0,16.760000228881836,71.0999984741211
2019-10-03,11322.25,11370.400390625,11257.349609375,11314.0,1017500.0,17.700000762939453,71.1416015625
2019-10-04,11388.4501953125,11400.2998046875,11158.349609375,11174.75,928500.0,17.579999923706055,71.0199966430664
2019-10-07,11196.2001953125,11233.849609375,11112.650390625,11126.400390625,733200.0,17.829999923706055,70.81500244140625
2019-10-08,11196.2001953125,11233.849609375,11112.650390625,11126.400390625,733200.0,17.829999923706055,71.36000061035156
2019-10-09,11152.9501953125,11321.599609375,11090.150390625,11313.2998046875,741100.0,17.15999984741211,71.20999908447266
2019-10-10,11280.5,11293.349609375,11208.5498046875,11234.5498046875,562000.0,17.229999542236328,71.41000366210938
2019-10-11,11257.7001953125,11362.900390625,11189.400390625,11305.0498046875,737800.0,17.139999389648438,70.9800033569336
2019-10-14,11335.900390625,11420.4501953125,11290.0498046875,11341.150390625,587600.0,17.43000030517578,70.91400146484375
2019-10-15,11360.849609375,11462.349609375,11342.099609375,11428.2998046875,527400.0,16.850000381469727,71.45249938964844
2019-10-16,11464.9501953125,11481.0498046875,11411.099609375,11464.0,533500.0,16.360000610351562,71.76000213623047
2019-10-17,11466.2998046875,11599.099609375,11439.650390625,11586.349609375,797600.0,15.880000114440918,71.62000274658203
2019-10-18,11580.2998046875,11684.7001953125,11553.150390625,11661.849609375,853400.0,15.930000305175781,71.42250061035156
2019-10-21,11580.2998046875,11684.7001953125,11553.150390625,11661.849609375,853400.0,15.930000305175781,71.02999877929688
2019-10-22,11657.150390625,11714.349609375,11573.650390625,11588.349609375,867600.0,16.809999465942383,71.1050033569336
2019-10-23,11596.2001953125,11651.599609375,11554.400390625,11604.099609375,664200.0,16.540000915527344,71.07499694824219
2019-10-24,11661.650390625,11679.599609375,11534.650390625,11582.599609375,700500.0,16.239999771118164,70.71499633789062
2019-10-25,11646.150390625,11646.900390625,11490.75,11583.900390625,812000.0,15.319999694824219,71.19000244140625
2019-10-28,11646.150390625,11646.900390625,11490.75,11583.900390625,812000.0,15.319999694824219,70.83000183105469
2019-10-29,11643.9501953125,11809.400390625,11627.349609375,11786.849609375,951700.0,16.420000076293945,70.73500061035156
2019-10-30,11883.900390625,11883.9501953125,11784.4501953125,11844.099609375,725200.0,16.65999984741211,70.88459777832031
2019-10-31,11890.4501953125,11945.0,11855.099609375,11877.4501953125,1414800.0,16.280000686645508,70.98999786376953
2019-11-01,11886.599609375,11918.2998046875,11843.349609375,11890.599609375,855300.0,15.729999542236328,70.97000122070312
2019-11-04,11928.900390625,11989.150390625,11905.349609375,11941.2998046875,823100.0,15.930000305175781,70.51210021972656
2019-11-05,11974.599609375,11978.9501953125,11861.900390625,11917.2001953125,632000.0,15.920000076293945,71.0
2019-11-06,11911.5,12002.900390625,11850.25,11966.0498046875,603400.0,15.779999732971191,70.8949966430664
2019-11-07,12021.099609375,12021.400390625,11946.849609375,12012.0498046875,563000.0,15.210000038146973,71.0
2019-11-08,11987.150390625,12034.150390625,11888.75,11908.150390625,789300.0,15.859999656677246,71.37650299072266
2019-11-11,11879.2001953125,11932.650390625,11853.9501953125,11913.4501953125,549000.0,16.25,71.37650299072266
2019-11-12,11879.2001953125,11932.650390625,11853.9501953125,11913.4501953125,549000.0,16.25,71.5739974975586
2019-11-13,11908.2998046875,11946.7998046875,11823.2001953125,11840.4501953125,659000.0,16.459999084472656,71.77999877929688
2019-11-14,11858.75,11895.650390625,11802.650390625,11872.099609375,559500.0,15.649999618530273,72.1415023803711
2019-11-15,11904.2001953125,11973.650390625,11879.25,11895.4501953125,580200.0,15.029999732971191,71.95580291748047
2019-11-18,11915.150390625,11946.2001953125,11867.599609375,11884.5,514400.0,15.760000228881836,71.70580291748047
2019-11-19,11919.4501953125,11958.849609375,11881.75,11940.099609375,613900.0,15.40999984741211,71.93509674072266
2019-11-20,12004.75,12038.599609375,11966.0498046875,11999.099609375,646700.0,15.15999984741211,71.85099792480469
2019-11-21,12025.650390625,12028.2001953125,11956.900390625,11968.400390625,557700.0,14.979999542236328,71.76820373535156
2019-11-22,11967.2998046875,11968.099609375,11883.5,11914.400390625,486800.0,14.869999885559082,71.7405014038086
2019-11-25,11922.4501953125,12084.5,11919.75,12073.75,534300.0,15.0,71.78260040283203
2019-11-26,12110.2001953125,12132.4501953125,12006.349609375,12037.7001953125,1201300.0,14.84000015258789,71.67949676513672
2019-11-27,12068.5,12114.900390625,12055.150390625,12100.7001953125,584200.0,14.619999885559082,71.42839813232422
2019-11-28,12132.099609375,12158.7998046875,12099.9501953125,12151.150390625,620500.0,13.989999771118164,71.22810363769531
2019-11-29,12146.2001953125,12147.400390625,12017.400390625,12056.0498046875,804400.0,13.899999618530273,71.54740142822266
2019-12-02,12137.0498046875,12137.150390625,12023.7001953125,12048.2001953125,720900.0,14.199999809265137,71.7229995727539
2019-12-03,12067.650390625,12068.599609375,11956.400390625,11994.2001953125,605800.0,14.5600004196167,71.625
2019-12-04,11969.9501953125,12054.7001953125,11935.2998046875,12043.2001953125,747200.0,13.319999694824219,71.95999908447266
2019-12-05,12071.25,12081.2001953125,11998.75,12018.400390625,562200.0,14.3100004196167,71.4801025390625
2019-12-06,12047.349609375,12057.0498046875,11888.849609375,11921.5,609200.0,13.640000343322754,71.38500213623047
2019-12-09,11939.099609375,11981.9501953125,11888.0498046875,11937.5,599100.0,14.600000381469727,71.28679656982422
2019-12-10,11950.5,11953.2001953125,11844.7001953125,11856.7998046875,650200.0,14.289999961853027,70.96019744873047
2019-12-11,11867.349609375,11923.2001953125,11832.2998046875,11910.150390625,997700.0,13.380000114440918,71.01000213623047
2019-12-12,11944.2998046875,12005.5,11934.0,11971.7998046875,752600.0,13.350000381469727,70.72930145263672
2019-12-13,12026.400390625,12098.849609375,12023.599609375,12086.7001953125,597700.0,13.300000190734863,70.55989837646484
2019-12-16,12131.349609375,12134.650390625,12046.2998046875,12053.9501953125,437700.0,13.420000076293945,70.68900299072266
2019-12-17,12082.4501953125,12182.75,12070.349609375,12165.0,499600.0,12.520000457763672,70.92050170898438
2019-12-18,12197.0,12237.7001953125,12163.4501953125,12221.650390625,518900.0,12.34000015258789,71.21499633789062
2019-12-19,12223.400390625,12268.349609375,12191.150390625,12259.7001953125,623100.0,12.119999885559082,70.98989868164062
2019-12-20,12266.4501953125,12293.900390625,12252.75,12271.7998046875,810700.0,12.329999923706055,71.22270202636719
2019-12-23,12235.4501953125,12287.150390625,12213.25,12262.75,604800.0,11.960000038146973,71.02400207519531
2019-12-24,12269.25,12283.7001953125,12202.099609375,12214.5498046875,470300.0,11.630000114440918,71.21070098876953
2019-12-25,12269.25,12283.7001953125,12202.099609375,12214.5498046875,470300.0,11.630000114440918,71.45999908447266
2019-12-26,12211.849609375,12221.5498046875,12118.849609375,12126.5498046875,520300.0,11.119999885559082,71.54000091552734
2019-12-27,12172.900390625,12258.4501953125,12157.900390625,12245.7998046875,383800.0,10.529999732971191,71.30030059814453
2019-12-30,12274.900390625,12286.4501953125,12213.7998046875,12255.849609375,411100.0,11.010000228881836,71.31300354003906
2019-12-31,12247.099609375,12247.099609375,12151.7998046875,12168.4501953125,426900.0,11.670000076293945,71.31099700927734
2020-01-01,12202.150390625,12222.2001953125,12165.2998046875,12182.5,304100.0,11.670000076293945,71.27580261230469
2020-01-02,12198.5498046875,12289.900390625,12195.25,12282.2001953125,407700.0,11.489999771118164,71.0250015258789
2020-01-03,12261.099609375,12265.599609375,12191.349609375,12226.650390625,428800.0,12.699999809265137,71.41500091552734
2020-01-06,12170.599609375,12179.099609375,11974.2001953125,11993.0498046875,396500.0,14.779999732971191,71.73100280761719
2020-01-07,12079.099609375,12152.150390625,12005.349609375,12052.9501953125,447800.0,14.609999656677246,71.78700256347656
2020-01-08,11939.099609375,12044.9501953125,11929.599609375,12025.349609375,446000.0,15.640000343322754,72.16000366210938
2020-01-09,12153.150390625,12224.0498046875,12132.5498046875,12215.900390625,477500.0,14.0,71.41190338134766
2020-01-10,12271.0,12311.2001953125,12213.2001953125,12256.7998046875,660600.0,14.079999923706055,71.19429779052734
2020-01-13,12296.7001953125,12337.75,12285.7998046875,12329.5498046875,501000.0,14.279999732971191,70.9530029296875
2020-01-14,12333.099609375,12374.25,12308.7001953125,12362.2998046875,616300.0,13.90999984741211,70.71890258789062
2020-01-15,12349.400390625,12355.150390625,12278.75,12343.2998046875,684400.0,14.119999885559082,70.84510040283203
2020-01-16,12347.099609375,12389.0498046875,12315.7998046875,12355.5,395700.0,14.180000305175781,70.71800231933594
2020-01-17,12328.400390625,12385.4501953125,12321.400390625,12352.349609375,502100.0,14.130000114440918,70.94560241699219
2020-01-20,12430.5,12430.5,12216.900390625,12224.5498046875,491600.0,15.40999984741211,71.03469848632812
2020-01-21,12195.2998046875,12230.0498046875,12162.2998046875,12169.849609375,400.0,15.859999656677246,71.03099822998047
2020-01-22,12218.349609375,12225.0498046875,12087.900390625,12106.900390625,500.0,16.360000610351562,71.16999816894531
2020-01-23,12123.75,12189.0,12094.099609375,12180.349609375,867700.0,15.859999656677246,71.0781021118164
2020-01-24,12174.5498046875,12272.150390625,12149.650390625,12248.25,593200.0,15.5600004196167,71.32099914550781
2020-01-27,12197.099609375,12216.599609375,12107.0,12119.0,441200.0,17.18000030517578,71.32499694824219
2020-01-28,12148.099609375,12163.5498046875,12024.5,12055.7998046875,478500.0,17.299999237060547,71.44000244140625
2020-01-29,12114.900390625,12169.599609375,12103.7998046875,12129.5,514400.0,16.5,71.23040008544922
2020-01-30,12147.75,12150.2998046875,12010.599609375,12035.7998046875,538100.0,16.799999237060547,71.30000305175781
2020-01-31,12100.400390625,12103.5498046875,11945.849609375,11962.099609375,771300.0,17.3700008392334,71.63999938964844
2020-02-03,11627.4501953125,11749.849609375,11614.5,11707.900390625,669800.0,15.779999732971191,71.49649810791016
2020-02-04,11786.25,11986.150390625,11783.400390625,11979.650390625,560400.0,14.380000114440918,71.31410217285156
2020-02-05,12005.849609375,12098.150390625,11953.349609375,12089.150390625,758000.0,14.170000076293945,71.0999984741211
2020-02-06,12120.0,12160.599609375,12084.650390625,12137.9501953125,565100.0,13.779999732971191,71.18000030517578
2020-02-07,12151.150390625,12154.7001953125,12073.9501953125,12098.349609375,473500.0,13.75,71.47000122070312
2020-02-10,12102.349609375,12103.5498046875,11990.75,12031.5,524700.0,14.210000038146973,71.5155029296875
2020-02-11,12108.400390625,12172.2998046875,12099.0,12107.900390625,480000.0,13.880000114440918,71.27999877929688
2020-02-12,12151.0,12231.75,12144.2998046875,12201.2001953125,411700.0,13.619999885559082,71.27529907226562
2020-02-13,12219.5498046875,12225.650390625,12139.7998046875,12174.650390625,501200.0,13.369999885559082,71.29620361328125
2020-02-14,12190.150390625,12246.7001953125,12091.2001953125,12113.4501953125,622800.0,13.619999885559082,71.26850128173828
2020-02-17,12131.7998046875,12159.599609375,12037.0,12045.7998046875,0.0,14.420000076293945,71.51480102539062
2020-02-18,12028.25,12030.75,11908.0498046875,11992.5,676900.0,14.510000228881836,71.34919738769531
2020-02-19,12090.599609375,12134.7001953125,12042.099609375,12125.900390625,513600.0,14.020000457763672,71.57499694824219
2020-02-20,12119.0,12152.0,12071.4501953125,12080.849609375,502600.0,13.699999809265137,71.82749938964844
2020-02-21,12119.0,12152.0,12071.4501953125,12080.849609375,502600.0,13.699999809265137,72.11000061035156
2020-02-24,12012.5498046875,12012.5498046875,11813.400390625,11829.400390625,490800.0,17.0,71.88680267333984
2020-02-25,11877.5,11883.0498046875,11779.900390625,11797.900390625,461000.0,16.899999618530273,72.04669952392578
2020-02-26,11738.5498046875,11783.25,11639.599609375,11678.5,567600.0,18.260000228881836,71.87000274658203
2020-02-27,11661.25,11663.849609375,11536.7001953125,11633.2998046875,608600.0,17.770000457763672,71.66339874267578
2020-02-28,11382.0,11384.7998046875,11175.0498046875,11201.75,809900.0,23.239999771118164,71.93000030517578
2020-03-02,11387.349609375,11433.0,11036.25,11132.75,680800.0,25.200000762939453,72.1500015258789
2020-03-03,11217.5498046875,11342.25,11152.5498046875,11303.2998046875,696500.0,24.540000915527344,72.82499694824219
2020-03-04,11351.349609375,11356.599609375,11082.150390625,11251.0,797700.0,24.229999542236328,73.34200286865234
2020-03-05,11306.0498046875,11389.5,11244.599609375,11269.0,1352500.0,23.25,74.0425033569336
2020-03-06,10942.650390625,11035.099609375,10827.400390625,10989.4501953125,1811000.0,25.639999389648438,73.8551025390625
2020-03-09,10742.0498046875,10751.5498046875,10294.4501953125,10451.4501953125,1565500.0,30.799999237060547,73.99530029296875
2020-03-10,10742.0498046875,10751.5498046875,10294.4501953125,10451.4501953125,1565500.0,30.799999237060547,74.40599822998047
2020-03-11,10334.2998046875,10545.099609375,10334.0,10458.400390625,1218500.0,31.559999465942383,74.20500183105469
2020-03-12,10039.9501953125,10040.75,9508.0,9590.150390625,1343500.0,41.15999984741211,74.76000213623047
2020-03-13,9107.599609375,10159.400390625,8555.150390625,9955.2001953125,1388000.0,51.470001220703125,75.30000305175781
2020-03-16,9587.7998046875,9602.2001953125,9165.099609375,9197.400390625,897700.0,58.880001068115234,73.90399932861328
2020-03-17,9285.400390625,9403.7998046875,8915.599609375,8967.0498046875,935600.0,62.93000030517578,75.15499877929688
2020-03-18,9088.4501953125,9127.5498046875,8407.0498046875,8468.7998046875,1516600.0,63.959999084472656,74.01239776611328
2020-03-19,8063.2998046875,8575.4501953125,7832.5498046875,8263.4501953125,925700.0,72.19999694824219,74.98200225830078
2020-03-20,8284.4501953125,8883.0,8178.2001953125,8745.4501953125,1071500.0,67.0999984741211,75.15969848632812
2020-03-23,7945.7001953125,8159.25,7583.60009765625,7610.25,653500.0,71.98999786376953,75.62210083007812
2020-03-24,7848.2998046875,8036.9501953125,7511.10009765625,7801.0498046875,738400.0,83.61000061035156,76.50599670410156
2020-03-25,7735.14990234375,8376.75,7714.75,8317.849609375,736900.0,77.62999725341797,77.26000213623047
2020-03-26,8451.0,8749.0498046875,8304.900390625,8641.4501953125,865600.0,71.52999877929688,75.84549713134766
2020-03-27,8949.099609375,9038.900390625,8522.900390625,8660.25,801500.0,70.38999938964844,74.72560119628906
2020-03-30,8385.9501953125,8576.0,8244.0,8281.099609375,593300.0,71.88999938964844,75.46499633789062
2020-03-31,8529.349609375,8678.2998046875,8358.0,8597.75,712700.0,64.41000366210938,75.4000015258789
2020-04-01,8584.099609375,8588.099609375,8198.349609375,8253.7998046875,506300.0,60.04999923706055,75.32499694824219
2020-04-02,8584.099609375,8588.099609375,8198.349609375,8253.7998046875,506300.0,60.04999923706055,77.56999969482422
2020-04-03,8356.5498046875,8356.5498046875,8055.7998046875,8083.7998046875,697000.0,55.29999923706055,77.13999938964844
2020-04-06,8356.5498046875,8356.5498046875,8055.7998046875,8083.7998046875,697000.0,55.29999923706055,76.2300033569336
2020-04-07,8446.2998046875,8819.400390625,8360.9501953125,8792.2001953125,814200.0,51.79999923706055,75.96489715576172
2020-04-08,8688.900390625,9131.7001953125,8653.900390625,8748.75,896500.0,52.2400016784668,76.66000366210938
2020-04-09,8973.0498046875,9128.349609375,8904.5498046875,9111.900390625,742100.0,49.75,75.95899963378906
2020-04-10,8973.0498046875,9128.349609375,8904.5498046875,9111.900390625,742100.0,49.75,76.6500015258789
2020-04-13,9103.9501953125,9112.0498046875,8912.400390625,8993.849609375,644000.0,51.459999084472656,76.16649627685547
2020-04-14,9103.9501953125,9112.0498046875,8912.400390625,8993.849609375,644000.0,51.459999084472656,76.91000366210938
2020-04-15,9196.400390625,9261.2001953125,8874.099609375,8925.2998046875,879100.0,49.7400016784668,75.93099975585938
2020-04-16,8851.25,9053.75,8821.900390625,8992.7998046875,719400.0,46.099998474121094,77.2125015258789
2020-04-17,9323.4501953125,9324.0,9091.349609375,9266.75,684200.0,42.59000015258789,77.56999969482422
2020-04-20,9390.2001953125,9390.849609375,9230.7998046875,9261.849609375,726400.0,43.459999084472656,76.55999755859375
2020-04-21,9016.9501953125,9044.400390625,8909.400390625,8981.4501953125,655100.0,45.20000076293945,77.20999908447266
2020-04-22,9026.75,9209.75,8946.25,9187.2998046875,734400.0,42.81999969482422,76.96939849853516
2020-04-23,9232.349609375,9343.599609375,9170.150390625,9313.900390625,666700.0,39.22999954223633,76.4000015258789
2020-04-24,9163.900390625,9296.900390625,9141.2998046875,9154.400390625,659400.0,39.119998931884766,76.42250061035156
2020-04-27,9259.7001953125,9377.099609375,9250.349609375,9282.2998046875,512800.0,38.040000915527344,76.27149963378906
2020-04-28,9389.7998046875,9404.400390625,9260.0,9380.900390625,614500.0,35.349998474121094,76.1863021850586
2020-04-29,9408.599609375,9599.849609375,9392.349609375,9553.349609375,653000.0,33.84000015258789,76.46499633789062
2020-04-30,9753.5,9889.0498046875,9731.5,9859.900390625,931200.0,33.9900016784668,75.25849914550781
2020-05-01,9753.5,9889.0498046875,9731.5,9859.900390625,931200.0,33.9900016784668,75.72000122070312
2020-05-04,9533.5,9533.5,9266.9501953125,9293.5,687500.0,43.66999816894531,75.60050201416016
2020-05-05,9429.400390625,9450.900390625,9190.75,9205.599609375,725200.0,43.61000061035156,75.8499984741211
2020-05-06,9226.7998046875,9346.900390625,9116.5,9270.900390625,722200.0,41.25,76.16999816894531
2020-05-07,9234.0498046875,9277.849609375,9175.900390625,9199.0498046875,708700.0,39.93000030517578,76.15129852294922
2020-05-08,9376.9501953125,9382.650390625,9238.2001953125,9251.5,609100.0,38.40999984741211,76.08000183105469
2020-05-11,9348.150390625,9439.900390625,9219.9501953125,9239.2001953125,704600.0,38.040000915527344,75.5250015258789
2020-05-12,9168.849609375,9240.849609375,9043.9501953125,9196.5498046875,805500.0,38.209999084472656,76.30999755859375
2020-05-13,9584.2001953125,9584.5,9351.099609375,9383.5498046875,846400.0,38.84000015258789,75.68000030517578
2020-05-14,9213.9501953125,9281.099609375,9119.75,9142.75,602600.0,38.18000030517578,75.42620086669922
2020-05-15,9182.400390625,9182.400390625,9050.0,9136.849609375,575900.0,38.02000045776367,75.48500061035156
2020-05-18,9158.2998046875,9158.2998046875,8806.75,8823.25,773000.0,40.91999816894531,75.81999969482422
2020-05-19,8961.7001953125,9030.349609375,8855.2998046875,8879.099609375,762200.0,39.45000076293945,75.60009765625
2020-05-20,8889.150390625,9093.7998046875,8875.349609375,9066.5498046875,622300.0,35.810001373291016,76.0
2020-05-21,9079.4501953125,9178.5498046875,9056.099609375,9106.25,631500.0,32.9900016784668,75.77999877929688
2020-05-22,9067.900390625,9149.599609375,8968.5498046875,9039.25,675800.0,32.380001068115234,75.625
2020-05-25,9067.900390625,9149.599609375,8968.5498046875,9039.25,675800.0,32.380001068115234,75.98500061035156
2020-05-26,9099.75,9161.650390625,8996.650390625,9029.0498046875,655000.0,31.469999313354492,76.11000061035156
2020-05-27,9082.2001953125,9334.0,9004.25,9314.9501953125,763500.0,31.270000457763672,75.81999969482422
2020-05-28,9364.9501953125,9511.25,9336.5,9490.099609375,837900.0,30.020000457763672,76.12999725341797
2020-05-29,9422.2001953125,9598.849609375,9376.900390625,9580.2998046875,967000.0,30.219999313354492,75.95999908447266
2020-06-01,9726.849609375,9931.599609375,9706.9501953125,9826.150390625,794200.0,30.739999771118164,75.51319885253906
2020-06-02,9880.849609375,9995.599609375,9824.0498046875,9979.099609375,770200.0,30.1200008392334,75.7300033569336
2020-06-03,10108.2998046875,10176.2001953125,10035.5498046875,10061.5498046875,794700.0,30.040000915527344,75.06580352783203
2020-06-04,10054.25,10123.849609375,9944.25,10029.099609375,775100.0,29.690000534057617,75.54499816894531
2020-06-05,10093.7998046875,10177.7998046875,10040.75,10142.150390625,987100.0,28.68000030517578,75.49089813232422
2020-06-08,10326.75,10328.5,10120.25,10167.4501953125,936500.0,29.649999618530273,75.5177001953125
2020-06-09,10181.150390625,10291.150390625,10021.4501953125,10046.650390625,754200.0,30.209999084472656,75.625
2020-06-10,10072.599609375,10148.75,10036.849609375,10116.150390625,632400.0,29.440000534057617,75.50980377197266
2020-06-11,10094.099609375,10112.0498046875,9885.0498046875,9902.0,715500.0,29.65999984741211,75.875
2020-06-12,9544.9501953125,9996.0498046875,9544.349609375,9972.900390625,796300.0,30.81999969482422,76.38999938964844
2020-06-15,9919.349609375,9943.349609375,9726.349609375,9813.7001953125,716100.0,32.58000183105469,75.95680236816406
2020-06-16,10014.7998046875,10046.150390625,9728.5,9914.0,899900.0,32.970001220703125,75.97799682617188
2020-06-17,9876.7001953125,10003.599609375,9833.7998046875,9881.150390625,685400.0,33.349998474121094,76.65499877929688
2020-06-18,9863.25,10111.2001953125,9845.0498046875,10091.650390625,622900.0,31.459999084472656,76.55000305175781
2020-06-19,10119.0,10272.400390625,10072.650390625,10244.400390625,892100.0,29.969999313354492,76.40039825439453
2020-06-22,10318.75,10393.650390625,10277.599609375,10311.2001953125,685400.0,30.459999084472656,76.2520980834961
2020-06-23,10347.9501953125,10484.7001953125,10301.75,10471.0,669200.0,29.34000015258789,75.78980255126953
2020-06-24,10529.25,10553.150390625,10281.9501953125,10305.2998046875,854800.0,29.579999923706055,75.60780334472656
2020-06-25,10235.5498046875,10361.7998046875,10194.5,10288.900390625,994200.0,29.729999542236328,75.97000122070312
2020-06-26,10378.900390625,10409.849609375,10311.25,10383.0,671900.0,28.739999771118164,75.53980255126953
2020-06-29,10311.9501953125,10337.9501953125,10223.599609375,10312.400390625,574500.0,28.90999984741211,75.61979675292969
2020-06-30,10382.599609375,10401.0498046875,10267.349609375,10302.099609375,556200.0,29.1200008392334,75.69999694824219
2020-07-01,10323.7998046875,10447.0498046875,10299.599609375,10430.0498046875,573600.0,28.1200008392334,75.75
2020-07-02,10493.0498046875,10598.2001953125,10485.5498046875,10551.7001953125,597400.0,26.510000228881836,75.45490264892578
2020-07-03,10614.9501953125,10631.2998046875,10562.650390625,10607.349609375,525200.0,25.770000457763672,74.72100067138672
2020-07-06,10723.849609375,10811.400390625,10695.099609375,10763.650390625,571200.0,25.200000762939453,74.6792984008789
2020-07-07,10802.849609375,10813.7998046875,10689.7001953125,10799.650390625,636800.0,25.100000381469727,74.60759735107422
2020-07-08,10818.650390625,10847.849609375,10676.5498046875,10705.75,767900.0,26.100000381469727,75.125
2020-07-09,10755.5498046875,10836.849609375,10733.0,10813.4501953125,618700.0,24.90999984741211,74.93990325927734
2020-07-10,10764.099609375,10819.400390625,10713.0,10768.0498046875,590700.0,24.940000534057617,75.33999633789062
2020-07-13,10851.849609375,10894.0498046875,10756.0498046875,10802.7001953125,554100.0,25.25,75.15850067138672
2020-07-14,10750.849609375,10755.650390625,10562.900390625,10607.349609375,532400.0,26.639999389648438,75.44999694824219
2020-07-15,10701.0,10827.4501953125,10577.75,10618.2001953125,715900.0,26.290000915527344,75.57499694824219
2020-07-16,10706.2001953125,10755.2998046875,10595.2001953125,10739.9501953125,694400.0,25.360000610351562,75.1249008178711
2020-07-17,10752.0,10933.4501953125,10749.650390625,10901.7001953125,676900.0,24.15999984741211,75.17449951171875
2020-07-20,10999.4501953125,11037.900390625,10953.0,11022.2001953125,554300.0,24.709999084472656,74.89730072021484
2020-07-21,11126.099609375,11179.5498046875,11113.25,11162.25,772000.0,24.43000030517578,74.98999786376953
2020-07-22,11231.2001953125,11238.099609375,11056.5498046875,11132.599609375,765100.0,24.889999389648438,74.7699966430664
2020-07-23,11135.0,11239.7998046875,11103.150390625,11215.4501953125,621600.0,24.639999389648438,74.81999969482422
2020-07-24,11149.9501953125,11225.400390625,11090.2998046875,11194.150390625,678900.0,24.540000915527344,74.80729675292969
2020-07-27,11225.0,11225.0,11087.849609375,11131.7998046875,588100.0,25.020000457763672,74.75980377197266
2020-07-28,11154.099609375,11317.75,11151.400390625,11300.5498046875,683900.0,23.639999389648438,75.0
2020-07-29,11276.900390625,11341.400390625,11149.75,11202.849609375,600700.0,24.110000610351562,75.08999633789062
2020-07-30,11254.2998046875,11299.9501953125,11084.9501953125,11102.150390625,677800.0,24.729999542236328,74.8311996459961
2020-07-31,11139.5,11150.400390625,11026.650390625,11073.4501953125,642600.0,24.190000534057617,74.98999786376953
2020-08-03,11057.5498046875,11058.0498046875,10882.25,10891.599609375,680900.0,25.190000534057617,74.91780090332031
2020-08-04,10946.650390625,11112.25,10908.099609375,11095.25,625700.0,23.81999969482422,75.33000183105469
2020-08-05,11155.75,11225.650390625,11064.0498046875,11101.650390625,667600.0,23.56999969482422,75.25
2020-08-06,11185.7001953125,11256.7998046875,11127.2998046875,11200.150390625,600400.0,23.149999618530273,74.8822021484375
2020-08-07,11186.650390625,11231.900390625,11142.0498046875,11214.0498046875,452600.0,22.579999923706055,74.8998031616211
2020-08-10,11270.25,11337.2998046875,11238.0,11270.150390625,492000.0,22.510000228881836,75.0248031616211
2020-08-11,11322.25,11373.599609375,11299.150390625,11322.5,586100.0,21.360000610351562,75.0999984741211
2020-08-12,11289.0,11322.0,11242.650390625,11308.400390625,609900.0,20.850000381469727,74.9000015258789
2020-08-13,11334.849609375,11359.2998046875,11269.9501953125,11300.4501953125,562400.0,20.56999969482422,74.77210235595703
2020-08-14,11353.2998046875,11366.25,11111.4501953125,11178.400390625,645100.0,21.670000076293945,75.02999877929688
2020-08-17,11248.900390625,11267.099609375,11144.5,11247.099609375,634000.0,21.309999465942383,74.90280151367188
2020-08-18,11259.7998046875,11401.7001953125,11253.150390625,11385.349609375,579200.0,20.43000030517578,75.0
2020-08-19,11452.150390625,11460.349609375,11394.099609375,11408.400390625,626200.0,19.959999084472656,74.79499816894531
2020-08-20,11317.4501953125,11361.4501953125,11289.7998046875,11312.2001953125,791600.0,20.6200008392334,74.966796875
2020-08-21,11409.650390625,11418.5,11362.2001953125,11371.599609375,668700.0,19.940000534057617,74.9999008178711
2020-08-24,11412.0,11497.25,11410.650390625,11466.4501953125,532900.0,19.229999542236328,74.92179870605469
2020-08-25,11513.099609375,11525.900390625,11423.349609375,11472.25,638200.0,19.31999969482422,74.4000015258789
2020-08-26,11512.849609375,11561.75,11461.849609375,11549.599609375,743400.0,19.299999237060547,74.45249938964844
2020-08-27,11609.2998046875,11617.349609375,11540.599609375,11559.25,719800.0,18.899999618530273,74.24009704589844
2020-08-28,11602.9501953125,11686.0498046875,11589.400390625,11647.599609375,807000.0,18.350000381469727,73.77449798583984
2020-08-31,11777.5498046875,11794.25,11325.849609375,11387.5,1371800.0,22.84000015258789,73.12830352783203
2020-09-01,11464.2998046875,11553.5498046875,11366.900390625,11470.25,783800.0,21.799999237060547,73.66999816894531
2020-09-02,11478.5498046875,11554.75,11430.400390625,11535.0,593500.0,21.110000610351562,73.2699966430664
2020-09-03,11566.2001953125,11584.9501953125,11507.650390625,11527.4501953125,607100.0,20.5,73.24849700927734
2020-09-04,11354.400390625,11452.0498046875,11303.650390625,11333.849609375,681300.0,22.149999618530273,73.4478988647461
2020-09-07,11359.599609375,11381.150390625,11251.7001953125,11355.0498046875,560300.0,22.010000228881836,73.29029846191406
2020-09-08,11378.5498046875,11437.25,11290.4501953125,11317.349609375,572200.0,22.719999313354492,73.6500015258789
2020-09-09,11218.599609375,11298.150390625,11185.150390625,11278.0,728900.0,22.229999542236328,73.78679656982422
2020-09-10,11363.2998046875,11464.0498046875,11327.400390625,11449.25,679400.0,21.260000228881836,73.55000305175781
2020-09-11,11447.7998046875,11493.5,11419.900390625,11464.4501953125,554800.0,20.709999084472656,73.52729797363281
2020-09-14,11540.150390625,11568.900390625,11383.5498046875,11440.0498046875,642300.0,21.190000534057617,73.47859954833984
2020-09-15,11487.2001953125,11535.9501953125,11442.25,11521.7998046875,506700.0,20.600000381469727,73.61499786376953
2020-09-16,11538.4501953125,11618.099609375,11516.75,11604.5498046875,527800.0,19.65999984741211,73.80000305175781
2020-09-17,11539.400390625,11587.2001953125,11498.5,11516.099609375,0.0,20.100000381469727,73.55069732666016
2020-09-18,11584.099609375,11584.099609375,11446.099609375,11504.9501953125,764200.0,20.049999237060547,73.58360290527344
2020-09-21,11503.7998046875,11535.25,11218.5,11250.5498046875,602900.0,22.190000534057617,73.53479766845703
2020-09-22,11301.75,11302.2001953125,11084.650390625,11153.650390625,672200.0,21.40999984741211,73.57980346679688
2020-09-23,11258.75,11259.5498046875,11024.400390625,11131.849609375,714900.0,20.989999771118164,73.50299835205078
2020-09-24,11011.0,11015.2998046875,10790.2001953125,10805.5498046875,706100.0,23.510000228881836,73.77839660644531
2020-09-25,10910.400390625,11072.599609375,10854.849609375,11050.25,559600.0,20.68000030517578,73.68240356445312
2020-09-28,11140.849609375,11239.349609375,11099.849609375,11227.5498046875,472800.0,19.56999969482422,73.69930267333984
2020-09-29,11288.599609375,11305.400390625,11181.0,11222.400390625,498300.0,19.770000457763672,73.9749984741211
2020-09-30,11244.4501953125,11295.400390625,11184.5498046875,11247.5498046875,499300.0,19.530000686645508,73.84500122070312
2020-10-01,11364.4501953125,11428.599609375,11347.0498046875,11416.9501953125,447700.0,18.350000381469727,73.70500183105469
2020-10-02,11364.4501953125,11428.599609375,11347.0498046875,11416.9501953125,447700.0,18.350000381469727,73.21700286865234
2020-10-05,11487.7998046875,11578.0498046875,11452.2998046875,11503.349609375,530600.0,19.700000762939453,73.32240295410156
2020-10-06,11603.4501953125,11680.2998046875,11564.2998046875,11662.400390625,561400.0,19.639999389648438,73.1082992553711
2020-10-07,11679.25,11763.0498046875,11629.349609375,11738.849609375,513400.0,20.059999465942383,73.81500244140625
2020-10-08,11835.400390625,11905.7001953125,11791.150390625,11834.599609375,608800.0,20.3799991607666,73.5425033569336
2020-10-09,11852.0498046875,11938.599609375,11805.2001953125,11914.2001953125,611100.0,20.3799991607666,73.28050231933594
2020-10-12,11973.5498046875,12022.0498046875,11867.2001953125,11930.9501953125,522600.0,21.1299991607666,73.01480102539062
2020-10-13,11934.650390625,11988.2001953125,11888.900390625,11934.5,458300.0,20.719999313354492,73.35079956054688
2020-10-14,11917.400390625,11997.2001953125,11822.150390625,11971.0498046875,569200.0,20.209999084472656,73.62000274658203
2020-10-15,12023.4501953125,12025.4501953125,11661.2998046875,11680.349609375,608900.0,22.059999465942383,73.29620361328125
2020-10-16,11727.400390625,11789.75,11667.849609375,11762.4501953125,555800.0,21.649999618530273,73.37100219726562
2020-10-19,11879.2001953125,11898.25,11820.400390625,11873.0498046875,541400.0,21.81999969482422,73.44380187988281
2020-10-20,11861.0,11949.25,11837.25,11896.7998046875,453600.0,22.690000534057617,73.57499694824219
2020-10-21,11958.5498046875,12018.650390625,11775.75,11937.650390625,623700.0,22.920000076293945,73.64749908447266
2020-10-22,11890.0,11939.5498046875,11823.4501953125,11896.4501953125,544900.0,22.639999389648438,73.6812973022461
2020-10-23,11957.900390625,11974.5498046875,11908.75,11930.349609375,502300.0,21.829999923706055,73.72000122070312
2020-10-26,11937.400390625,11942.849609375,11711.7001953125,11767.75,519800.0,22.829999923706055,73.8228988647461
2020-10-27,11807.099609375,11899.0498046875,11723.0,11889.400390625,616300.0,22.200000762939453,73.94850158691406
2020-10-28,11922.599609375,11929.400390625,11684.849609375,11729.599609375,704000.0,23.280000686645508,73.80500030517578
2020-10-29,11633.2998046875,11744.150390625,11606.4501953125,11670.7998046875,555000.0,24.020000457763672,74.44000244140625
2020-10-30,11678.4501953125,11748.9501953125,11535.4501953125,11642.400390625,553700.0,24.75,74.26399993896484
2020-11-02,11697.349609375,11725.650390625,11557.400390625,11669.150390625,568400.0,25.209999084472656,74.55049896240234
2020-11-03,11734.4501953125,11836.2001953125,11723.2998046875,11813.5,674300.0,24.239999771118164,74.45680236816406
2020-11-04,11783.349609375,11929.650390625,11756.400390625,11908.5,667300.0,23.200000762939453,74.65560150146484
2020-11-05,12062.400390625,12131.099609375,12027.599609375,12120.2998046875,632500.0,20.969999313354492,74.37999725341797
2020-11-06,12156.650390625,12280.400390625,12131.849609375,12263.5498046875,576800.0,20.5,74.12000274658203
2020-11-09,12399.400390625,12474.0498046875,12367.349609375,12461.0498046875,553400.0,20.110000610351562,73.97979736328125
2020-11-10,12556.400390625,12643.900390625,12475.25,12631.099609375,847500.0,21.579999923706055,73.95320129394531
2020-11-11,12680.599609375,12769.75,12571.099609375,12749.150390625,880500.0,22.030000686645508,74.28160095214844
2020-11-12,12702.150390625,12741.150390625,12624.849609375,12690.7998046875,622000.0,20.6200008392334,74.56999969482422
2020-11-13,12659.7001953125,12735.9501953125,12607.7001953125,12719.9501953125,513900.0,19.700000762939453,74.86499786376953
2020-11-16,12659.7001953125,12735.9501953125,12607.7001953125,12719.9501953125,513900.0,19.700000762939453,74.48770141601562
2020-11-17,12932.5,12934.0498046875,12797.099609375,12874.2001953125,707700.0,19.799999237060547,74.41809844970703
2020-11-18,12860.099609375,12948.849609375,12819.349609375,12938.25,731300.0,19.1200008392334,74.47969818115234
2020-11-19,12839.5,12963.0,12745.75,12771.7001953125,768800.0,19.56999969482422,74.41999816894531
2020-11-20,12813.400390625,12892.4501953125,12730.25,12859.0498046875,664000.0,19.6200008392334,74.09960174560547
2020-11-23,12960.2998046875,12968.849609375,12825.7001953125,12926.4501953125,633100.0,20.799999237060547,74.16239929199219
2020-11-24,13002.599609375,13079.099609375,12978.0,13055.150390625,571900.0,21.059999465942383,74.24490356445312
2020-11-25,13130.0,13145.849609375,12833.650390625,12858.400390625,679000.0,23.1299991607666,73.96080017089844
2020-11-26,12906.4501953125,13018.0,12790.400390625,12987.0,549800.0,20.020000457763672,73.77989959716797
2020-11-27,13012.0498046875,13035.2998046875,12914.2998046875,12968.9501953125,1162400.0,19.81999969482422,74.04879760742188
2020-11-30,13012.0498046875,13035.2998046875,12914.2998046875,12968.9501953125,1162400.0,19.81999969482422,73.94090270996094
2020-12-01,13062.2001953125,13128.400390625,12962.7998046875,13109.0498046875,583600.0,20.18000030517578,74.02519989013672
2020-12-02,13121.400390625,13128.5,12983.5498046875,13113.75,717700.0,19.90999984741211,73.65499877929688
2020-12-03,13215.2998046875,13216.599609375,13107.900390625,13133.900390625,713700.0,19.0,73.66259765625
2020-12-04,13177.400390625,13280.0498046875,13152.849609375,13258.5498046875,640500.0,18.030000686645508,73.86489868164062
2020-12-07,13264.849609375,13366.650390625,13241.9501953125,13355.75,591700.0,18.020000457763672,73.79029846191406
2020-12-08,13393.849609375,13435.4501953125,13311.0498046875,13392.9501953125,543200.0,18.6200008392334,74.0199966430664
2020-12-09,13458.099609375,13548.900390625,13449.599609375,13529.099609375,502600.0,18.920000076293945,73.72640228271484
2020-12-10,13488.5,13503.5498046875,13399.2998046875,13478.2998046875,553400.0,18.709999084472656,73.93499755859375
2020-12-11,13512.2998046875,13579.349609375,13402.849609375,13513.849609375,787700.0,18.790000915527344,73.72669982910156
2020-12-14,13571.4501953125,13597.5,13472.4501953125,13558.150390625,558400.0,19.399999618530273,73.73799896240234
2020-12-15,13547.2001953125,13589.650390625,13447.0498046875,13567.849609375,497600.0,19.350000381469727,73.86000061035156
2020-12-16,13663.099609375,13692.349609375,13606.4501953125,13682.7001953125,462200.0,19.200000762939453,73.75980377197266
2020-12-17,13713.5498046875,13773.25,13673.5498046875,13740.7001953125,416000.0,19.15999984741211,73.6166000366211
2020-12-18,13764.400390625,13772.849609375,13658.599609375,13760.5498046875,519400.0,18.6200008392334,73.52980041503906
2020-12-21,13741.900390625,13777.5,13131.4501953125,13328.400390625,687300.0,23.190000534057617,73.60359954833984
2020-12-22,13373.650390625,13492.0498046875,13192.900390625,13466.2998046875,696200.0,21.989999771118164,73.935302734375
2020-12-23,13473.5,13619.4501953125,13432.2001953125,13601.099609375,458700.0,20.5,74.2699966430664
2020-12-24,13672.150390625,13771.75,13626.900390625,13749.25,471400.0,19.969999313354492,73.83979797363281
2020-12-25,13672.150390625,13771.75,13626.900390625,13749.25,471400.0,19.969999313354492,73.55780029296875
2020-12-28,13815.150390625,13885.2998046875,13811.5498046875,13873.2001953125,403600.0,20.43000030517578,73.68900299072266
2020-12-29,13910.349609375,13967.599609375,13859.900390625,13932.599609375,439600.0,20.790000915527344,73.5448989868164
2020-12-30,13980.900390625,13997.0,13864.9501953125,13981.9501953125,380700.0,21.110000610351562,73.45359802246094
2020-12-31,13970.0,14024.849609375,13936.4501953125,13981.75,452400.0,21.100000381469727,73.13400268554688
2021-01-01,13996.099609375,14049.849609375,13991.349609375,14018.5,358100.0,21.100000381469727,73.08920288085938
2021-01-04,14104.349609375,14147.9501953125,13953.75,14132.900390625,495000.0,20.030000686645508,73.09200286865234
2021-01-05,14075.150390625,14215.599609375,14048.150390625,14199.5,492500.0,20.459999084472656,73.31999969482422
2021-01-06,14240.9501953125,14244.150390625,14039.900390625,14146.25,632300.0,21.0,73.37480163574219
2021-01-07,14253.75,14256.25,14123.099609375,14137.349609375,559200.0,20.6200008392334,73.36000061035156
2021-01-08,14258.400390625,14367.2998046875,14221.650390625,14347.25,613500.0,20.639999389648438,73.44599914550781
2021-01-11,14474.0498046875,14498.2001953125,14383.099609375,14484.75,672900.0,22.3799991607666,73.37339782714844
2021-01-12,14473.7998046875,14590.650390625,14432.849609375,14563.4501953125,929600.0,22.850000381469727,73.51349639892578
2021-01-13,14639.7998046875,14653.349609375,14435.7001953125,14564.849609375,874000.0,23.290000915527344,73.16500091552734
2021-01-14,14550.0498046875,14617.7998046875,14471.5,14595.599609375,620200.0,23.030000686645508,73.1698989868164
2021-01-15,14594.349609375,14617.4501953125,14357.849609375,14433.7001953125,789600.0,24.010000228881836,73.08760070800781
2021-01-18,14453.2998046875,14459.150390625,14222.7998046875,14281.2998046875,762000.0,24.399999618530273,73.15899658203125
2021-01-19,14371.650390625,14546.0498046875,14350.849609375,14521.150390625,546100.0,22.899999618530273,73.1886978149414
2021-01-20,14538.2998046875,14666.4501953125,14517.5498046875,14644.7001953125,623100.0,21.549999237060547,73.19190216064453
2021-01-21,14730.9501953125,14753.5498046875,14517.25,14590.349609375,704600.0,22.18000030517578,72.91089630126953
2021-01-22,14583.400390625,14619.900390625,14357.75,14371.900390625,776800.0,22.18000030517578,72.95490264892578
2021-01-25,14477.7998046875,14491.099609375,14218.599609375,14238.900390625,618600.0,23.25,72.99590301513672
2021-01-26,14477.7998046875,14491.099609375,14218.599609375,14238.900390625,618600.0,23.25,72.97000122070312
2021-01-27,14237.9501953125,14237.9501953125,13929.2998046875,13967.5,660700.0,24.389999389648438,72.91999816894531
2021-01-28,13810.400390625,13898.25,13713.25,13817.5498046875,637900.0,24.290000915527344,73.03710174560547
2021-01-29,13946.599609375,13966.849609375,13596.75,13634.599609375,753200.0,25.34000015258789,72.93879699707031
2021-02-01,13758.599609375,14336.349609375,13661.75,14281.2001953125,870500.0,23.31999969482422,72.90660095214844
2021-02-02,14481.099609375,14731.7001953125,14469.150390625,14647.849609375,915000.0,23.350000381469727,73.11979675292969
2021-02-03,14754.900390625,14868.849609375,14574.150390625,14789.9501953125,869500.0,23.75,72.91629791259766
2021-02-04,14789.0498046875,14913.7001953125,14714.75,14895.650390625,884700.0,23.1200008392334,72.85800170898438
2021-02-05,14952.599609375,15014.650390625,14864.75,14924.25,935600.0,23.420000076293945,72.9457015991211
2021-02-08,15064.2998046875,15159.900390625,15041.0498046875,15115.7998046875,671200.0,23.959999084472656,72.78479766845703
2021-02-09,15164.150390625,15257.099609375,15064.2998046875,15109.2998046875,713300.0,24.270000457763672,72.92990112304688
2021-02-10,15119.0498046875,15168.25,14977.2001953125,15106.5,624800.0,23.950000762939453,72.85489654541016
2021-02-11,15073.25,15188.5,15065.400390625,15173.2998046875,500100.0,23.049999237060547,72.80729675292969
2021-02-12,15186.2001953125,15243.5,15081.0,15163.2998046875,571800.0,22.040000915527344,72.70950317382812
2021-02-15,15270.2998046875,15340.150390625,15243.400390625,15314.7001953125,456000.0,22.040000915527344,72.59480285644531
2021-02-16,15371.4501953125,15431.75,15242.2001953125,15313.4501953125,648500.0,21.780000686645508,72.63870239257812
2021-02-17,15279.900390625,15314.2998046875,15170.75,15208.900390625,504800.0,21.780000686645508,72.93499755859375
2021-02-18,15238.7001953125,15250.75,15078.0498046875,15118.9501953125,770600.0,21.540000915527344,72.79730224609375
2021-02-19,15074.7998046875,15144.0498046875,14898.2001953125,14981.75,712200.0,22.25,72.60540008544922
2021-02-22,14999.0498046875,15010.099609375,14635.0498046875,14675.7001953125,609900.0,25.469999313354492,72.5530014038086
2021-02-23,14782.25,14854.5,14651.849609375,14707.7998046875,744100.0,25.229999542236328,72.44400024414062
2021-02-24,14729.150390625,15008.7998046875,14504.5,14982.0,403800.0,24.170000076293945,72.37699890136719
2021-02-25,15079.849609375,15176.5,15065.349609375,15097.349609375,803900.0,22.889999389648438,72.4000015258789
2021-02-26,14888.599609375,14919.4501953125,14467.75,14529.150390625,1103600.0,28.139999389648438,73.1509017944336
2021-03-01,14702.5,14806.7998046875,14638.5498046875,14761.5498046875,507300.0,25.6299991607666,73.59590148925781
2021-03-02,14865.2998046875,14959.099609375,14760.7998046875,14919.099609375,621700.0,23.610000610351562,73.30940246582031
2021-03-03,15064.400390625,15273.150390625,14995.7998046875,15245.599609375,544200.0,22.09000015258789,73.27749633789062
2021-03-04,15026.75,15202.349609375,14980.2001953125,15080.75,534900.0,24.149999618530273,72.88069915771484
2021-03-05,14977.9501953125,15092.349609375,14862.099609375,14938.099609375,640700.0,25.559999465942383,73.13179779052734
2021-03-08,15002.4501953125,15111.150390625,14919.900390625,14956.2001953125,0.0,24.68000030517578,73.1333999633789
2021-03-09,15049.900390625,15126.849609375,14925.4501953125,15098.400390625,675300.0,22.5,73.33000183105469
2021-03-10,15202.150390625,15218.4501953125,15100.849609375,15174.7998046875,404600.0,20.75,72.7759017944336
2021-03-11,15202.150390625,15218.4501953125,15100.849609375,15174.7998046875,404600.0,20.75,72.70600128173828
2021-03-12,15321.150390625,15336.2998046875,14953.599609375,15030.9501953125,493200.0,21.709999084472656,72.63899993896484
2021-03-15,15048.400390625,15048.400390625,14745.849609375,14929.5,467500.0,21.229999542236328,72.68299865722656
2021-03-16,14996.099609375,15051.599609375,14890.650390625,14910.4501953125,100.0,20.190000534057617,72.51529693603516
2021-03-17,14946.5498046875,14956.5498046875,14696.0498046875,14721.2998046875,100.0,20.15999984741211,72.5156021118164
2021-03-18,14855.5,14875.2001953125,14478.599609375,14557.849609375,542200.0,20.079999923706055,72.29560089111328
2021-03-19,14471.150390625,14788.25,14350.099609375,14744.0,919200.0,19.989999771118164,72.6688003540039
2021-03-22,14736.2998046875,14763.900390625,14597.849609375,14736.400390625,459000.0,20.489999771118164,72.40499877929688
2021-03-23,14768.5498046875,14878.599609375,14707.0,14814.75,474200.0,20.670000076293945,72.38050079345703
2021-03-24,14712.4501953125,14752.349609375,14535.0,14549.400390625,456400.0,22.459999084472656,72.61219787597656
2021-03-25,14570.900390625,14575.599609375,14264.400390625,14324.900390625,606800.0,22.700000762939453,72.64559936523438
2021-03-26,14506.2998046875,14572.900390625,14414.25,14507.2998046875,481000.0,20.649999618530273,72.61280059814453
2021-03-29,14506.2998046875,14572.900390625,14414.25,14507.2998046875,481000.0,20.649999618530273,72.44719696044922
2021-03-30,14628.5,14876.2998046875,14617.599609375,14845.099609375,594500.0,20.489999771118164,72.74189758300781
2021-03-31,14811.849609375,14813.75,14670.25,14690.7001953125,463900.0,20.649999618530273,73.44529724121094
2021-04-01,14798.400390625,14883.2001953125,14692.4501953125,14867.349609375,445000.0,19.989999771118164,73.20349884033203
2021-04-02,14798.400390625,14883.2001953125,14692.4501953125,14867.349609375,445000.0,19.989999771118164,73.28730010986328
2021-04-05,14837.7001953125,14849.849609375,14459.5,14637.7998046875,509700.0,21.219999313354492,73.3759994506836
2021-04-06,14737.0,14779.099609375,14573.900390625,14683.5,475300.0,20.84000015258789,73.27950286865234
2021-04-07,14716.4501953125,14879.7998046875,14649.849609375,14819.0498046875,0.0,20.25,73.48999786376953
2021-04-08,14875.650390625,14984.150390625,14821.099609375,14873.7998046875,514800.0,20.309999465942383,74.40149688720703
2021-04-09,14882.650390625,14918.4501953125,14785.650390625,14834.849609375,504100.0,19.790000915527344,74.54450225830078
2021-04-12,14644.650390625,14652.5,14248.7001953125,14310.7998046875,650200.0,23.0,74.72949981689453
2021-04-13,14364.900390625,14528.900390625,14274.900390625,14504.7998046875,605100.0,20.459999084472656,74.99099731445312
2021-04-14,14364.900390625,14528.900390625,14274.900390625,14504.7998046875,605100.0,20.459999084472656,75.18150329589844
2021-04-15,14522.400390625,14597.5498046875,14353.2001953125,14581.4501953125,568000.0,20.889999389648438,75.0261001586914
2021-04-16,14599.599609375,14697.7001953125,14559.0,14617.849609375,577200.0,20.399999618530273,74.72740173339844
2021-04-19,14306.599609375,14382.2998046875,14191.400390625,14359.4501953125,512300.0,22.489999771118164,74.56320190429688
2021-04-20,14526.7001953125,14526.9501953125,14207.2998046875,14296.400390625,467400.0,22.43000030517578,74.8781967163086
2021-04-21,14526.7001953125,14526.9501953125,14207.2998046875,14296.400390625,467400.0,22.43000030517578,75.44920349121094
2021-04-22,14219.150390625,14424.75,14151.400390625,14406.150390625,524600.0,23.030000686645508,75.42949676513672
2021-04-23,14326.349609375,14461.150390625,14273.2998046875,14341.349609375,498100.0,22.690000534057617,75.0916976928711
2021-04-26,14449.4501953125,14557.5,14421.2998046875,14485.0,452700.0,23.5,74.86810302734375
2021-04-27,14493.7998046875,14667.5498046875,14484.849609375,14653.0498046875,451800.0,23.079999923706055,74.81490325927734
2021-04-28,14710.5,14890.25,14694.9501953125,14864.5498046875,457000.0,22.579999923706055,74.57499694824219
2021-04-29,14979.0,15044.349609375,14814.4501953125,14894.900390625,517500.0,23.309999465942383,74.31179809570312
2021-04-30,14747.349609375,14855.4501953125,14601.7001953125,14631.099609375,613900.0,23.030000686645508,74.10579681396484
2021-05-03,14481.0498046875,14673.849609375,14416.25,14634.150390625,448900.0,23.690000534057617,74.09480285644531
2021-05-04,14687.25,14723.400390625,14461.5,14496.5,503400.0,23.010000228881836,73.8375015258789
2021-05-05,14604.150390625,14637.900390625,14506.599609375,14617.849609375,455900.0,23.010000228881836,73.77890014648438
2021-05-06,14668.349609375,14743.900390625,14611.5,14724.7998046875,467800.0,22.040000915527344,73.79940032958984
2021-05-07,14816.849609375,14863.0498046875,14765.5,14823.150390625,488000.0,20.81999969482422,73.61519622802734
2021-05-10,14928.25,14966.900390625,14892.5,14942.349609375,522000.0,20.229999542236328,73.29029846191406
2021-05-11,14789.7001953125,14900.0,14771.400390625,14850.75,647400.0,20.229999542236328,73.5
2021-05-12,14823.5498046875,14824.0498046875,14649.7001953125,14696.5,643800.0,20.079999923706055,73.3750991821289
2021-05-13,14823.5498046875,14824.0498046875,14649.7001953125,14696.5,643800.0,20.079999923706055,73.68160247802734
2021-05-14,14749.400390625,14749.650390625,14591.900390625,14677.7998046875,620700.0,20.270000457763672,73.44490051269531
2021-05-17,14756.25,14938.0,14725.349609375,14923.150390625,546400.0,19.610000610351562,73.27890014648438
2021-05-18,15067.2001953125,15137.25,15043.7001953125,15108.099609375,583900.0,19.239999771118164,73.26969909667969
2021-05-19,15058.599609375,15133.400390625,15008.849609375,15030.150390625,569100.0,19.31999969482422,73.1281967163086
2021-05-20,15042.599609375,15069.7998046875,14884.900390625,14906.0498046875,480300.0,19.31999969482422,73.222900390625
2021-05-21,14987.7998046875,15190.0,14985.849609375,15175.2998046875,572900.0,19.079999923706055,73.02189636230469
2021-05-24,15211.349609375,15256.25,15145.4501953125,15197.7001953125,579800.0,19.1299991607666,72.90979766845703
2021-05-25,15291.75,15293.849609375,15163.400390625,15208.4501953125,441500.0,19.1299991607666,72.83660125732422
2021-05-26,15257.0498046875,15319.900390625,15194.9501953125,15301.4501953125,384000.0,20.8700008392334,72.80490112304688
2021-05-27,15323.9501953125,15384.5498046875,15272.5,15337.849609375,0.0,19.90999984741211,72.67250061035156
2021-05-28,15421.2001953125,15469.650390625,15394.75,15435.650390625,468100.0,17.399999618530273,72.68299865722656
2021-05-31,15437.75,15606.349609375,15374.0,15582.7998046875,436000.0,17.399999618530273,72.39350128173828
2021-06-01,15629.650390625,15660.75,15528.2998046875,15574.849609375,409600.0,17.389999389648438,72.48719787597656
2021-06-02,15520.349609375,15597.4501953125,15459.849609375,15576.2001953125,428600.0,17.209999084472656,72.8550033569336
2021-06-03,15655.5498046875,15705.099609375,15611.0,15690.349609375,410200.0,15.75,72.96510314941406
2021-06-04,15712.5,15733.599609375,15622.349609375,15670.25,414200.0,15.9399995803833,73.04419708251953
2021-06-07,15725.099609375,15773.4501953125,15678.099609375,15751.650390625,394000.0,15.569999694824219,72.90969848632812
2021-06-08,15773.900390625,15778.7998046875,15680.0,15740.099609375,378200.0,15.229999542236328,72.80940246582031
2021-06-09,15766.2998046875,15800.4501953125,15566.900390625,15635.349609375,457900.0,14.75,72.97530364990234
2021-06-10,15692.099609375,15751.25,15648.5,15737.75,298300.0,15.0,72.98529815673828
2021-06-11,15796.4501953125,15835.5498046875,15749.7998046875,15799.349609375,363000.0,14.100000381469727,73.01229858398438
2021-06-14,15791.400390625,15823.0498046875,15606.5,15811.849609375,392900.0,14.720000267028809,73.23159790039062
2021-06-15,15866.9501953125,15901.599609375,15842.400390625,15869.25,323300.0,14.609999656677246,73.18080139160156
2021-06-16,15847.5,15880.849609375,15742.599609375,15767.5498046875,340200.0,14.869999885559082,73.3447036743164
2021-06-17,15648.2998046875,15769.349609375,15616.75,15691.400390625,357600.0,15.289999961853027,73.8240966796875
2021-06-18,15756.5,15761.5,15450.900390625,15683.349609375,640800.0,14.800000190734863,74.25389862060547
2021-06-21,15525.849609375,15765.150390625,15505.650390625,15746.5,351500.0,15.0600004196167,74.1438980102539
2021-06-22,15840.5,15895.75,15752.099609375,15772.75,322200.0,14.739999771118164,74.13520050048828
2021-06-23,15862.7998046875,15862.9501953125,15673.9501953125,15686.9501953125,287500.0,15.369999885559082,74.33219909667969
2021-06-24,15737.2998046875,15821.400390625,15702.7001953125,15790.4501953125,316700.0,15.100000381469727,74.24690246582031
2021-06-25,15839.349609375,15870.7998046875,15772.2998046875,15860.349609375,314600.0,13.369999885559082,74.19029998779297
2021-06-28,15915.349609375,15915.650390625,15792.150390625,15814.7001953125,255100.0,13.399999618530273,74.21299743652344
2021-06-29,15807.5,15835.900390625,15724.0498046875,15748.4501953125,360300.0,13.0,74.285400390625
2021-06-30,15776.900390625,15839.099609375,15708.75,15721.5,262400.0,13.050000190734863,74.28759765625
2021-07-01,15755.0498046875,15755.5498046875,15667.0498046875,15680.0,224900.0,12.84000015258789,74.37100219726562
2021-07-02,15705.849609375,15738.349609375,15635.9501953125,15722.2001953125,254800.0,12.09000015258789,74.54499816894531
2021-07-05,15793.400390625,15845.9501953125,15762.0498046875,15834.349609375,207000.0,12.09000015258789,74.48179626464844
2021-07-06,15813.75,15914.2001953125,15801.0,15818.25,391400.0,12.279999732971191,74.31780242919922
2021-07-07,15819.599609375,15893.5498046875,15779.7001953125,15879.650390625,329300.0,12.210000038146973,74.76290130615234
2021-07-08,15855.400390625,15885.75,15682.900390625,15727.900390625,307900.0,13.5600004196167,74.8218994140625
2021-07-09,15688.25,15730.849609375,15632.75,15689.7998046875,243200.0,12.9399995803833,74.72139739990234
2021-07-12,15766.7998046875,15789.2001953125,15644.75,15692.599609375,216300.0,12.989999771118164,74.4905014038086
2021-07-13,15794.0,15820.7998046875,15744.599609375,15812.349609375,246700.0,12.619999885559082,74.54170227050781
2021-07-14,15808.7001953125,15877.349609375,15764.2001953125,15853.9501953125,0.0,12.59000015258789,74.65910339355469
2021-07-15,15872.150390625,15952.349609375,15855.0,15924.2001953125,284900.0,12.270000457763672,74.46910095214844
2021-07-16,15958.349609375,15962.25,15882.599609375,15923.400390625,276300.0,11.710000038146973,74.53700256347656
2021-07-19,15754.5,15836.900390625,15707.5,15752.400390625,242100.0,12.680000305175781,74.63179779052734
2021-07-20,15703.9501953125,15728.4501953125,15578.5498046875,15632.099609375,274300.0,13.210000038146973,74.99340057373047
2021-07-21,15703.9501953125,15728.4501953125,15578.5498046875,15632.099609375,274300.0,13.210000038146973,74.5270004272461
2021-07-22,15736.599609375,15834.7998046875,15726.400390625,15824.0498046875,265300.0,11.890000343322754,74.44020080566406
2021-07-23,15856.7998046875,15899.7998046875,15768.400390625,15856.0498046875,294100.0,11.760000228881836,74.4520034790039
2021-07-26,15849.2998046875,15893.349609375,15797.0,15824.4501953125,267100.0,12.449999809265137,74.44889831542969
2021-07-27,15860.5,15881.5498046875,15701.0,15746.4501953125,311000.0,13.229999542236328,74.28949737548828
2021-07-28,15761.5498046875,15767.5,15513.4501953125,15709.400390625,318600.0,13.6899995803833,74.5022964477539
2021-07-29,15762.7001953125,15817.349609375,15737.7998046875,15778.4501953125,401600.0,12.949999809265137,74.38999938964844
2021-07-30,15800.599609375,15862.7998046875,15744.849609375,15763.0498046875,400000.0,12.800000190734863,74.25199890136719
2021-08-02,15874.900390625,15892.900390625,15834.650390625,15885.150390625,244800.0,12.8100004196167,74.37909698486328
2021-08-03,15951.5498046875,16146.900390625,15914.349609375,16130.75,341300.0,13.75,74.33200073242188
2021-08-04,16195.25,16290.2001953125,16176.150390625,16258.7998046875,427300.0,13.210000038146973,74.21440124511719
2021-08-05,16288.9501953125,16349.4501953125,16210.2998046875,16294.599609375,418200.0,12.869999885559082,74.18399810791016
2021-08-06,16304.400390625,16336.75,16223.2998046875,16238.2001953125,320100.0,12.609999656677246,74.08200073242188
2021-08-09,16281.349609375,16320.75,16179.0498046875,16258.25,240500.0,12.609999656677246,74.49140167236328
2021-08-10,16274.7998046875,16359.25,16202.25,16280.099609375,288000.0,12.710000038146973,74.46620178222656
2021-08-11,16327.2998046875,16338.75,16162.5498046875,16282.25,277900.0,12.710000038146973,74.43550109863281
2021-08-12,16303.650390625,16375.5,16286.900390625,16364.400390625,280200.0,12.369999885559082,74.10299682617188
2021-08-13,16385.69921875,16543.599609375,16376.2998046875,16529.099609375,321900.0,12.989999771118164,74.26010131835938
2021-08-16,16518.400390625,16589.400390625,16480.75,16563.05078125,254000.0,13.460000038146973,74.216796875
2021-08-17,16545.25,16628.55078125,16495.400390625,16614.599609375,297400.0,13.40999984741211,74.13500213623047
2021-08-18,16691.94921875,16701.849609375,16535.849609375,16568.849609375,251800.0,12.90999984741211,74.364501953125
2021-08-19,16691.94921875,16701.849609375,16535.849609375,16568.849609375,251800.0,12.90999984741211,74.2697982788086
2021-08-20,16382.5,16509.55078125,16376.0498046875,16450.5,350800.0,14.020000457763672,74.4292984008789
2021-08-23,16592.25,16592.5,16395.69921875,16496.44921875,275600.0,13.6899995803833,74.30149841308594
2021-08-24,16561.400390625,16647.099609375,16495.30078125,16624.599609375,275400.0,13.1899995803833,74.10590362548828
2021-08-25,16654.0,16712.44921875,16617.5,16634.650390625,265900.0,13.5,74.1447982788086
2021-08-26,16627.94921875,16683.69921875,16603.400390625,16636.900390625,253500.0,13.539999961853027,74.0999984741211
2021-08-27,16642.55078125,16722.05078125,16565.599609375,16705.19921875,217400.0,13.40999984741211,74.15599822998047
2021-08-30,16775.849609375,16951.5,16764.849609375,16931.05078125,283500.0,13.319999694824219,73.49659729003906
2021-08-31,16947.5,17153.5,16915.849609375,17132.19921875,464400.0,14.520000457763672,73.41120147705078
2021-09-01,17185.599609375,17225.75,17055.05078125,17076.25,301900.0,14.1899995803833,72.99669647216797
2021-09-02,17095.400390625,17245.5,17059.69921875,17234.150390625,242400.0,14.239999771118164,72.98509979248047
2021-09-03,17262.44921875,17340.099609375,17212.19921875,17323.599609375,261400.0,14.539999961853027,73.0542984008789
2021-09-06,17399.349609375,17429.55078125,17345.55078125,17377.80078125,228000.0,15.109999656677246,72.99449920654297
2021-09-07,17401.55078125,17436.5,17287.0,17362.099609375,243400.0,14.899999618530273,73.11000061035156
2021-09-08,17375.75,17383.400390625,17254.19921875,17353.5,252700.0,14.40999984741211,73.3904037475586
2021-09-09,17312.849609375,17379.650390625,17302.69921875,17369.25,241500.0,13.9399995803833,73.78900146484375
2021-09-10,17312.849609375,17379.650390625,17302.69921875,17369.25,241500.0,13.9399995803833,73.53800201416016
2021-09-13,17363.55078125,17378.349609375,17269.150390625,17355.30078125,241100.0,14.029999732971191,73.52429962158203
2021-09-14,17420.349609375,17438.55078125,17367.05078125,17380.0,230400.0,13.579999923706055,73.54080200195312
2021-09-15,17387.650390625,17532.69921875,17386.900390625,17519.44921875,388200.0,13.729999542236328,73.65080261230469
2021-09-16,17539.19921875,17644.599609375,17510.44921875,17629.5,503300.0,14.40999984741211,73.43800354003906
2021-09-17,17709.650390625,17792.94921875,17537.650390625,17585.150390625,508300.0,15.229999542236328,73.56490325927734
2021-09-20,17443.849609375,17622.75,17361.80078125,17396.900390625,339100.0,17.489999771118164,73.69609832763672
2021-09-21,17450.5,17578.349609375,17326.099609375,17562.0,363600.0,16.520000457763672,73.65899658203125
2021-09-22,17580.900390625,17610.44921875,17524.0,17546.650390625,295200.0,16.489999771118164,73.7927017211914
2021-09-23,17670.849609375,17843.900390625,17646.55078125,17822.94921875,320500.0,16.600000381469727,73.8749008178711
2021-09-24,17897.44921875,17947.650390625,17819.400390625,17853.19921875,360100.0,16.920000076293945,73.83999633789062
2021-09-27,17932.19921875,17943.5,17802.900390625,17855.099609375,295700.0,18.049999237060547,73.81289672851562
2021-09-28,17906.44921875,17912.849609375,17576.099609375,17748.599609375,398000.0,18.540000915527344,73.82530212402344
2021-09-29,17657.94921875,17781.75,17608.150390625,17711.30078125,562200.0,18.84000015258789,74.16329956054688
2021-09-30,17718.900390625,17742.150390625,17585.349609375,17618.150390625,378600.0,18.399999618530273,74.3219985961914
2021-10-01,17531.900390625,17557.150390625,17452.900390625,17532.05078125,305800.0,17.209999084472656,74.25440216064453
2021-10-04,17615.55078125,17750.900390625,17581.349609375,17691.25,295800.0,16.739999771118164,74.152099609375
2021-10-05,17661.349609375,17833.44921875,17640.900390625,17822.30078125,427000.0,16.399999618530273,74.57279968261719
2021-10-06,17861.5,17884.599609375,17613.150390625,17646.0,395800.0,17.329999923706055,74.56320190429688
2021-10-07,17810.55078125,17857.55078125,17763.80078125,17790.349609375,419900.0,16.15999984741211,74.76000213623047
2021-10-08,17886.849609375,17941.849609375,17840.349609375,17895.19921875,324100.0,15.649999618530273,74.83000183105469
2021-10-11,17867.55078125,18041.94921875,17839.099609375,17945.94921875,375800.0,16.09000015258789,75.30580139160156
2021-10-12,17915.80078125,18008.650390625,17864.94921875,17991.94921875,355600.0,15.850000381469727,75.40260314941406
2021-10-13,18097.849609375,18197.80078125,18050.75,18161.75,506700.0,16.100000381469727,75.48390197753906
2021-10-14,18272.849609375,18350.75,18248.69921875,18338.55078125,538700.0,15.770000457763672,75.3062973022461
2021-10-15,18272.849609375,18350.75,18248.69921875,18338.55078125,538700.0,15.770000457763672,74.99500274658203
2021-10-18,18500.099609375,18543.150390625,18445.30078125,18477.05078125,469900.0,17.18000030517578,75.00589752197266
2021-10-19,18602.349609375,18604.44921875,18377.69921875,18418.75,368200.0,17.3799991607666,75.2354965209961
2021-10-20,18439.900390625,18458.30078125,18209.349609375,18266.599609375,371300.0,18.309999465942383,75.12010192871094
2021-10-21,18382.69921875,18384.19921875,18048.0,18178.099609375,365900.0,18.040000915527344,74.80919647216797
2021-10-22,18230.69921875,18314.25,18034.349609375,18114.900390625,324700.0,17.549999237060547,74.86540222167969
2021-10-25,18229.5,18241.400390625,17968.5,18125.400390625,418700.0,17.610000610351562,74.99369812011719
2021-10-26,18154.5,18310.44921875,18099.30078125,18268.400390625,341400.0,16.75,75.08989715576172
2021-10-27,18295.849609375,18342.05078125,18167.900390625,18210.94921875,335200.0,16.829999923706055,74.88890075683594
2021-10-28,18187.650390625,18190.69921875,17799.44921875,17857.25,374200.0,17.90999984741211,75.05000305175781
2021-10-29,17833.05078125,17915.849609375,17613.099609375,17671.650390625,336500.0,17.43000030517578,74.79720306396484
2021-11-01,17783.150390625,17954.099609375,17697.099609375,17929.650390625,281200.0,17.239999771118164,74.92829895019531
2021-11-02,17970.900390625,18012.25,17847.599609375,17888.94921875,296400.0,17.059999465942383,74.82990264892578
2021-11-03,17947.94921875,17988.75,17757.94921875,17829.19921875,331000.0,16.1299991607666,74.71199798583984
2021-11-04,17935.05078125,17947.55078125,17900.599609375,17916.80078125,48500.0,15.75,74.43550109863281
2021-11-05,17935.05078125,17947.55078125,17900.599609375,17916.80078125,48500.0,15.75,74.47810363769531
2021-11-08,18040.19921875,18087.80078125,17836.099609375,18068.55078125,338900.0,16.34000015258789,74.19110107421875
2021-11-09,18084.349609375,18112.599609375,17983.05078125,18044.25,270200.0,16.0,73.91850280761719
2021-11-10,17973.44921875,18061.25,17915.0,18017.19921875,261400.0,16.309999465942383,74.17479705810547
2021-11-11,17967.44921875,17971.349609375,17798.19921875,17873.599609375,232100.0,16.350000381469727,74.40489959716797
2021-11-12,17977.599609375,18123.0,17905.900390625,18102.75,249100.0,15.220000267028809,74.32209777832031
2021-11-15,18140.94921875,18210.150390625,18071.30078125,18109.44921875,280400.0,15.470000267028809,74.33999633789062
2021-11-16,18127.05078125,18132.650390625,17958.80078125,17999.19921875,267400.0,15.199999809265137,74.43509674072266
2021-11-17,17939.349609375,18022.650390625,17879.25,17898.650390625,295700.0,14.979999542236328,74.45860290527344
2021-11-18,17890.55078125,17945.599609375,17688.5,17764.80078125,278400.0,14.859999656677246,74.25980377197266
2021-11-19,17890.55078125,17945.599609375,17688.5,17764.80078125,278400.0,14.859999656677246,74.17440032958984
2021-11-22,17796.25,17805.25,17280.44921875,17416.55078125,356400.0,17.520000457763672,74.30259704589844
2021-11-23,17281.75,17553.69921875,17216.099609375,17503.349609375,308800.0,18.020000457763672,74.42980194091797
2021-11-24,17550.05078125,17600.599609375,17354.0,17415.05078125,298100.0,17.100000381469727,74.4469985961914
2021-11-25,17417.30078125,17564.349609375,17351.69921875,17536.25,255900.0,16.65999984741211,74.625
2021-11-26,17338.75,17355.400390625,16985.69921875,17026.44921875,356300.0,20.799999237060547,74.50579833984375
2021-11-29,17055.80078125,17160.69921875,16782.400390625,17053.94921875,348900.0,20.829999923706055,74.98159790039062
2021-11-30,17051.150390625,17324.650390625,16931.400390625,16983.19921875,498000.0,21.170000076293945,75.05490112304688
2021-12-01,17104.400390625,17213.05078125,17064.25,17166.900390625,295500.0,19.450000762939453,75.0509033203125
2021-12-02,17183.19921875,17420.349609375,17149.30078125,17401.650390625,279900.0,18.09000015258789,75.01789855957031
2021-12-03,17424.900390625,17489.80078125,17180.80078125,17196.69921875,292500.0,18.450000762939453,74.9834976196289
2021-12-06,17209.05078125,17216.75,16891.69921875,16912.25,231700.0,20.079999923706055,75.23400115966797
2021-12-07,17044.099609375,17251.650390625,16987.75,17176.69921875,254100.0,18.459999084472656,75.39129638671875
2021-12-08,17315.25,17484.599609375,17308.94921875,17469.75,257800.0,17.270000457763672,75.40859985351562
2021-12-09,17524.400390625,17543.25,17379.599609375,17516.849609375,237200.0,16.600000381469727,75.38330078125
2021-12-10,17476.05078125,17534.349609375,17405.25,17511.30078125,204500.0,16.059999465942383,75.59919738769531
2021-12-13,17619.099609375,17639.5,17355.94921875,17368.25,256600.0,16.56999969482422,75.70999908447266
2021-12-14,17283.19921875,17376.19921875,17225.80078125,17324.900390625,271000.0,16.950000762939453,75.82689666748047
2021-12-15,17323.650390625,17351.19921875,17192.19921875,17221.400390625,215000.0,17.219999313354492,76.04720306396484
2021-12-16,17373.0,17379.349609375,17184.94921875,17248.400390625,219500.0,15.899999618530273,76.2114028930664
2021-12-17,17276.0,17298.150390625,16966.44921875,16985.19921875,354600.0,16.34000015258789,76.1675033569336
2021-12-20,16824.25,16840.099609375,16410.19921875,16614.19921875,330600.0,18.969999313354492,76.00599670410156
2021-12-21,16773.150390625,16936.400390625,16688.25,16770.849609375,241000.0,17.540000915527344,75.75869750976562
2021-12-22,16865.55078125,16971.0,16819.5,16955.44921875,207900.0,16.579999923706055,75.6864013671875
2021-12-23,17066.80078125,17118.650390625,17015.55078125,17072.599609375,197000.0,15.829999923706055,75.45850372314453
2021-12-24,17149.5,17155.599609375,16909.599609375,17003.75,182600.0,16.149999618530273,75.06739807128906
2021-12-27,16937.75,17112.05078125,16833.19921875,17086.25,144800.0,17.1200008392334,75.31500244140625
2021-12-28,17177.599609375,17250.25,17161.150390625,17233.25,176000.0,16.479999542236328,74.98030090332031
2021-12-29,17220.099609375,17285.94921875,17176.650390625,17213.599609375,161700.0,16.239999771118164,74.74500274658203
2021-12-30,17201.44921875,17264.05078125,17146.349609375,17203.94921875,320800.0,16.56999969482422,74.57029724121094
2021-12-31,17244.5,17400.80078125,17238.5,17354.05078125,167000.0,16.219999313354492,74.43119812011719
2022-01-03,17387.150390625,17646.650390625,17383.30078125,17625.69921875,200500.0,16.450000762939453,74.51380157470703
2022-01-04,17681.400390625,17827.599609375,17593.55078125,17805.25,247400.0,16.1200008392334,74.4032974243164
2022-01-05,17820.099609375,17944.69921875,17748.849609375,17925.25,251500.0,17.229999542236328,74.53489685058594
2022-01-06,17768.5,17797.94921875,17655.55078125,17745.900390625,236500.0,17.979999542236328,74.43009948730469
2022-01-07,17797.599609375,17905.0,17704.55078125,17812.69921875,239300.0,17.600000381469727,74.41929626464844
2022-01-10,17913.30078125,18017.44921875,17879.150390625,18003.30078125,232400.0,17.68000030517578,74.2699966430664
2022-01-11,17997.75,18081.25,17964.400390625,18055.75,220200.0,17.760000228881836,74.05699920654297
2022-01-12,18170.400390625,18227.94921875,18128.80078125,18212.349609375,245000.0,17.18000030517578,73.81529998779297
2022-01-13,18257.0,18272.25,18163.80078125,18257.80078125,303700.0,16.700000762939453,73.79910278320312
2022-01-14,18185.0,18286.94921875,18119.650390625,18255.75,229500.0,16.559999465942383,73.97229766845703
2022-01-17,18235.650390625,18321.55078125,18228.75,18308.099609375,266700.0,16.770000457763672,74.37899780273438
2022-01-18,18337.19921875,18350.94921875,18085.900390625,18113.05078125,227500.0,17.780000686645508,74.25509643554688
2022-01-19,18129.19921875,18129.19921875,17884.900390625,17938.400390625,276700.0,17.81999969482422,74.61969757080078
2022-01-20,17921.0,17943.69921875,17648.44921875,17757.0,258100.0,17.790000915527344,74.44920349121094
2022-01-21,17613.69921875,17707.599609375,17485.849609375,17617.150390625,277600.0,18.889999389648438,74.45220184326172
2022-01-24,17575.150390625,17599.400390625,16997.849609375,17149.099609375,323800.0,22.829999923706055,74.41320037841797
2022-01-25,17001.55078125,17309.150390625,16836.80078125,17277.94921875,326500.0,21.360000610351562,74.6447982788086
2022-01-26,17001.55078125,17309.150390625,16836.80078125,17277.94921875,326500.0,21.360000610351562,74.77999877929688
2022-01-27,17062.0,17182.5,16866.75,17110.150390625,395600.0,21.06999969482422,74.8949966430664
2022-01-28,17208.30078125,17373.5,17077.099609375,17101.94921875,355300.0,20.700000762939453,75.20929718017578
2022-01-31,17301.05078125,17410.0,17264.150390625,17339.849609375,321700.0,21.950000762939453,75.03900146484375
2022-02-01,17529.44921875,17622.400390625,17244.55078125,17576.849609375,386400.0,19.979999542236328,74.55580139160156
2022-02-02,17706.19921875,17794.599609375,17674.80078125,17780.0,271200.0,18.649999618530273,74.74549865722656
2022-02-03,17767.75,17781.150390625,17511.150390625,17560.19921875,226600.0,19.15999984741211,74.82240295410156
2022-02-04,17590.19921875,17617.80078125,17462.55078125,17516.30078125,261400.0,18.899999618530273,74.6438980102539
2022-02-07,17456.30078125,17536.75,17119.400390625,17213.599609375,265000.0,20.440000534057617,74.64219665527344
2022-02-08,17279.849609375,17306.44921875,17043.650390625,17266.75,268500.0,19.68000030517578,74.6583023071289
2022-02-09,17370.099609375,17477.150390625,17339.0,17463.80078125,236400.0,18.559999465942383,74.69519805908203
2022-02-10,17554.099609375,17639.44921875,17427.150390625,17605.849609375,273600.0,17.709999084472656,74.80889892578125
2022-02-11,17451.0,17454.75,17303.0,17374.75,253100.0,18.68000030517578,75.53839874267578
2022-02-14,17076.150390625,17099.5,16809.650390625,16842.80078125,305500.0,22.979999542236328,75.34100341796875
2022-02-15,16933.25,17375.0,16839.25,17352.44921875,298700.0,20.610000610351562,75.6854019165039
2022-02-16,17408.44921875,17490.599609375,17257.69921875,17322.19921875,244500.0,20.59000015258789,75.17479705810547
2022-02-17,17396.55078125,17442.900390625,17235.849609375,17304.599609375,232100.0,22.010000228881836,75.04199981689453
2022-02-18,17236.05078125,17380.80078125,17219.19921875,17276.30078125,189600.0,22.170000076293945,75.06300354003906
2022-02-21,17192.25,17351.05078125,17070.69921875,17206.650390625,215200.0,22.899999618530273,74.68240356445312
2022-02-22,16847.94921875,17148.55078125,16843.80078125,17092.19921875,300100.0,26.65999984741211,74.51699829101562
2022-02-23,17194.5,17220.69921875,17027.849609375,17063.25,200200.0,24.540000915527344,74.62300109863281
2022-02-24,16548.900390625,16705.25,16203.25,16247.9501953125,458000.0,31.979999542236328,74.63300323486328
2022-02-25,16515.650390625,16748.80078125,16478.30078125,16658.400390625,329800.0,26.739999771118164,75.4083023071289
2022-02-28,16481.599609375,16815.900390625,16356.2998046875,16793.900390625,404200.0,28.56999969482422,75.06800079345703
2022-03-01,16481.599609375,16815.900390625,16356.2998046875,16793.900390625,404200.0,28.56999969482422,75.28479766845703
2022-03-02,16593.099609375,16678.5,16478.650390625,16605.94921875,517700.0,29.229999542236328,75.80120086669922
2022-03-03,16723.19921875,16768.94921875,16442.94921875,16498.05078125,442100.0,28.15999984741211,75.63099670410156
2022-03-04,16339.4501953125,16456.0,16133.7998046875,16245.349609375,456100.0,27.959999084472656,75.8917007446289
2022-03-07,15867.9501953125,15944.599609375,15711.4501953125,15863.150390625,585400.0,29.329999923706055,76.41799926757812
2022-03-08,15747.75,16028.75,15671.4501953125,16013.4501953125,543600.0,28.59000015258789,77.08080291748047
2022-03-09,16078.0,16418.05078125,15990.0,16345.349609375,462200.0,27.469999313354492,76.91449737548828
2022-03-10,16757.099609375,16757.30078125,16447.900390625,16594.900390625,486400.0,25.579999923706055,76.13490295410156
2022-03-11,16528.80078125,16694.400390625,16470.900390625,16630.44921875,343700.0,25.350000381469727,76.310302734375
2022-03-14,16633.69921875,16887.94921875,16606.5,16871.30078125,314700.0,25.68000030517578,76.75370025634766
2022-03-15,16900.650390625,16927.75,16555.0,16663.0,381600.0,26.729999542236328,76.49009704589844
2022-03-16,16876.650390625,16987.900390625,16837.849609375,16975.349609375,260000.0,24.1200008392334,76.26589965820312
2022-03-17,17202.900390625,17344.599609375,17175.75,17287.05078125,448300.0,22.610000610351562,76.02420043945312
2022-03-18,17202.900390625,17344.599609375,17175.75,17287.05078125,448300.0,22.610000610351562,75.98159790039062
2022-03-21,17329.5,17353.349609375,17096.400390625,17117.599609375,285500.0,24.6200008392334,75.94640350341797
2022-03-22,17120.400390625,17334.400390625,17006.30078125,17315.5,338300.0,24.06999969482422,76.30709838867188
2022-03-23,17405.05078125,17442.400390625,17199.599609375,17245.650390625,292100.0,24.75,76.10189819335938
2022-03-24,17094.94921875,17291.75,17091.150390625,17222.75,290300.0,23.93000030517578,76.55239868164062
2022-03-25,17289.0,17294.900390625,17076.55078125,17153.0,237100.0,23.43000030517578,76.32350158691406
2022-03-28,17181.849609375,17235.099609375,17003.900390625,17222.0,253200.0,22.610000610351562,76.27850341796875
2022-03-29,17297.19921875,17343.650390625,17235.69921875,17325.30078125,235100.0,21.299999237060547,76.03410339355469
2022-03-30,17468.150390625,17522.5,17387.19921875,17498.25,505000.0,20.610000610351562,75.66670227050781
2022-03-31,17519.19921875,17559.80078125,17435.19921875,17464.75,281100.0,20.559999465942383,75.82779693603516
2022-04-01,17436.900390625,17703.69921875,17422.69921875,17670.44921875,291800.0,18.43000030517578,75.9092025756836
2022-04-04,17809.099609375,18114.650390625,17791.400390625,18053.400390625,345500.0,17.90999984741211,75.99479675292969
2022-04-05,18080.599609375,18095.44921875,17921.55078125,17957.400390625,283500.0,18.489999771118164,75.47799682617188
2022-04-06,17842.75,17901.0,17779.849609375,17807.650390625,328800.0,19.020000457763672,75.45069885253906
2022-04-07,17723.30078125,17787.5,17623.69921875,17639.55078125,308800.0,19.0,75.94509887695312
2022-04-08,17698.150390625,17842.75,17600.55078125,17784.349609375,274400.0,17.690000534057617,75.91320037841797
2022-04-11,17740.900390625,17779.05078125,17650.94921875,17674.94921875,251700.0,18.270000457763672,75.91729736328125
2022-04-12,17584.849609375,17595.30078125,17442.349609375,17530.30078125,266000.0,18.15999984741211,75.83699798583984
2022-04-13,17599.900390625,17663.650390625,17457.400390625,17475.650390625,245100.0,17.790000915527344,76.1498031616211
2022-04-14,17599.900390625,17663.650390625,17457.400390625,17475.650390625,245100.0,17.790000915527344,76.12169647216797
2022-04-15,17599.900390625,17663.650390625,17457.400390625,17475.650390625,245100.0,17.790000915527344,76.30879974365234
2022-04-18,17183.44921875,17237.75,17067.849609375,17173.650390625,376100.0,19.34000015258789,76.3313980102539
2022-04-19,17258.94921875,17275.650390625,16824.69921875,16958.650390625,401400.0,19.770000457763672,76.28019714355469
2022-04-20,17045.25,17186.900390625,16978.94921875,17136.55078125,286100.0,18.670000076293945,76.44539642333984
2022-04-21,17234.599609375,17414.69921875,17215.5,17392.599609375,285200.0,17.850000381469727,76.27619934082031
2022-04-22,17242.75,17315.30078125,17149.19921875,17171.94921875,262700.0,18.350000381469727,76.28520202636719
2022-04-25,17009.05078125,17054.30078125,16888.69921875,16953.94921875,275700.0,21.260000228881836,76.4635009765625
2022-04-26,17121.30078125,17223.849609375,17064.44921875,17200.80078125,261100.0,19.190000534057617,76.52780151367188
2022-04-27,17073.349609375,17110.69921875,16958.44921875,17038.400390625,265100.0,20.610000610351562,76.79409790039062
2022-04-28,17189.5,17322.5,17071.05078125,17245.05078125,312900.0,19.3799991607666,76.47219848632812
2022-04-29,17329.25,17377.650390625,17053.25,17102.55078125,336200.0,19.420000076293945,76.58899688720703
2022-05-02,16924.44921875,17092.25,16917.25,17069.099609375,278200.0,20.280000686645508,76.52310180664062
2022-05-03,16924.44921875,17092.25,16917.25,17069.099609375,278200.0,20.280000686645508,76.52410125732422
2022-05-04,17096.599609375,17132.849609375,16623.94921875,16677.599609375,310600.0,21.8799991607666,76.46730041503906
2022-05-05,16854.75,16945.69921875,16651.849609375,16682.650390625,265800.0,20.290000915527344,76.00160217285156
2022-05-06,16415.55078125,16484.19921875,16340.900390625,16411.25,300500.0,21.25,76.54180145263672
2022-05-09,16227.7001953125,16403.69921875,16142.099609375,16301.849609375,288400.0,22.030000686645508,76.9574966430664
2022-05-10,16248.900390625,16404.55078125,16197.2998046875,16240.0498046875,283100.0,22.299999237060547,77.3655014038086
2022-05-11,16270.0498046875,16318.75,15992.599609375,16167.099609375,284300.0,22.799999237060547,77.27140045166016
2022-05-12,16021.099609375,16041.9501953125,15735.75,15808.0,314900.0,24.270000457763672,77.41840362548828
2022-05-13,15977.0,16083.599609375,15740.849609375,15782.150390625,369100.0,23.489999771118164,77.44380187988281
2022-05-16,15845.099609375,15977.9501953125,15739.650390625,15842.2998046875,217600.0,24.530000686645508,77.48629760742188
2022-05-17,15912.599609375,16284.25,15900.7998046875,16259.2998046875,295700.0,22.739999771118164,77.8053970336914
2022-05-18,16318.150390625,16399.80078125,16211.2001953125,16240.2998046875,290400.0,22.299999237060547,77.37239837646484
2022-05-19,15917.400390625,15984.75,15775.2001953125,15809.400390625,313900.0,24.559999465942383,77.81999969482422
2022-05-20,16043.7998046875,16283.0498046875,16003.849609375,16266.150390625,252400.0,23.100000381469727,77.42109680175781
2022-05-23,16290.9501953125,16414.69921875,16185.75,16214.7001953125,293800.0,23.399999618530273,77.81839752197266
2022-05-24,16225.5498046875,16262.7998046875,16078.599609375,16125.150390625,249800.0,25.639999389648438,77.52680206298828
2022-05-25,16196.349609375,16223.349609375,16006.9501953125,16025.7998046875,243300.0,25.280000686645508,77.47879791259766
2022-05-26,16105.0,16204.4501953125,15903.7001953125,16170.150390625,314300.0,22.719999313354492,77.49729919433594
2022-05-27,16296.599609375,16370.599609375,16221.9501953125,16352.4501953125,274100.0,21.479999542236328,77.63020324707031
2022-05-30,16527.900390625,16695.5,16506.150390625,16661.400390625,251400.0,19.979999542236328,77.69200134277344
2022-05-31,16578.44921875,16690.75,16521.900390625,16584.55078125,651600.0,20.479999542236328,77.5208969116211
2022-06-01,16594.400390625,16649.19921875,16438.849609375,16522.75,249600.0,20.850000381469727,77.5989990234375
2022-06-02,16481.650390625,16646.400390625,16443.05078125,16628.0,236000.0,20.31999969482422,77.58409881591797
2022-06-03,16761.650390625,16793.849609375,16567.900390625,16584.30078125,245500.0,19.979999542236328,77.3604965209961
2022-06-06,16530.69921875,16610.94921875,16444.55078125,16569.55078125,233600.0,20.200000762939453,77.69419860839844
2022-06-07,16469.599609375,16487.25,16347.099609375,16416.349609375,233800.0,20.43000030517578,77.82099914550781
2022-06-08,16474.94921875,16514.30078125,16293.349609375,16356.25,243500.0,19.84000015258789,77.67060089111328
2022-06-09,16263.849609375,16492.80078125,16243.849609375,16478.099609375,205000.0,19.139999389648438,77.72429656982422
2022-06-10,16283.9501953125,16324.7001953125,16172.599609375,16201.7998046875,189700.0,19.579999923706055,77.8187026977539
2022-06-13,15877.5498046875,15886.150390625,15684.0,15774.400390625,225500.0,22.3700008392334,78.17759704589844
2022-06-14,15674.25,15858.0,15659.4501953125,15732.099609375,225400.0,21.889999389648438,78.16059875488281
2022-06-15,15729.25,15783.650390625,15678.900390625,15692.150390625,183000.0,22.149999618530273,77.9854965209961
2022-06-16,15832.25,15863.150390625,15335.099609375,15360.599609375,264700.0,22.8700008392334,77.90019989013672
2022-06-17,15272.650390625,15400.400390625,15183.400390625,15293.5,342600.0,22.760000228881836,77.97769927978516
2022-06-20,15334.5,15382.5,15191.099609375,15350.150390625,260000.0,22.40999984741211,77.9614028930664
2022-06-21,15455.9501953125,15707.25,15419.849609375,15638.7998046875,262800.0,21.139999389648438,77.93399810791016
2022-06-22,15545.650390625,15565.400390625,15385.9501953125,15413.2998046875,220900.0,21.299999237060547,78.13490295410156
2022-06-23,15451.5498046875,15628.4501953125,15367.5,15556.650390625,259200.0,20.8799991607666,78.19309997558594
2022-06-24,15657.400390625,15749.25,15619.4501953125,15699.25,219600.0,20.549999237060547,78.14240264892578
2022-06-27,15926.2001953125,15927.4501953125,15815.5,15832.0498046875,210900.0,21.010000228881836,78.2522964477539
2022-06-28,15757.4501953125,15892.099609375,15710.150390625,15850.2001953125,251900.0,21.450000762939453,78.44110107421875
2022-06-29,15701.7001953125,15861.599609375,15687.7998046875,15799.099609375,444900.0,21.899999618530273,79.07319641113281
2022-06-30,15774.5,15890.0,15728.849609375,15780.25,306000.0,21.84000015258789,78.89830017089844
2022-07-01,15703.7001953125,15793.9501953125,15511.0498046875,15752.0498046875,364100.0,21.25,78.96299743652344
2022-07-04,15710.5,15852.349609375,15661.7998046875,15835.349609375,304300.0,20.969999313354492,78.95069885253906
2022-07-05,15909.150390625,16025.75,15785.4501953125,15810.849609375,254200.0,20.790000915527344,78.93949890136719
2022-07-06,15818.2001953125,16011.349609375,15800.900390625,15989.7998046875,288400.0,20.270000457763672,79.36840057373047
2022-07-07,16113.75,16150.5,16045.9501953125,16132.900390625,264600.0,19.200000762939453,79.04389953613281
2022-07-08,16273.650390625,16275.5,16157.900390625,16220.599609375,281100.0,18.399999618530273,79.22160339355469
2022-07-11,16136.150390625,16248.5498046875,16115.5,16216.0,255900.0,18.3700008392334,79.3313980102539
2022-07-12,16126.2001953125,16158.75,16031.150390625,16058.2998046875,208600.0,18.549999237060547,79.47779846191406
2022-07-13,16128.2001953125,16140.0,15950.150390625,15966.650390625,233300.0,18.520000457763672,79.47640228271484
2022-07-14,16018.849609375,16070.849609375,15858.2001953125,15938.650390625,228600.0,18.34000015258789,79.80750274658203
2022-07-15,16010.7998046875,16066.9501953125,15927.2998046875,16049.2001953125,205800.0,17.600000381469727,79.87830352783203
2022-07-18,16151.400390625,16287.9501953125,16142.2001953125,16278.5,227700.0,17.15999984741211,79.72049713134766
2022-07-19,16187.0498046875,16359.5,16187.0498046875,16340.5498046875,222600.0,17.200000762939453,80.0302963256836
2022-07-20,16562.80078125,16588.0,16490.94921875,16520.849609375,284400.0,16.81999969482422,79.85590362548828
2022-07-21,16523.55078125,16626.94921875,16483.900390625,16605.25,243600.0,16.860000610351562,80.00340270996094
2022-07-22,16661.25,16752.25,16610.900390625,16719.44921875,190900.0,16.649999618530273,79.7759017944336
2022-07-25,16662.55078125,16706.05078125,16564.25,16631.0,211400.0,17.68000030517578,79.87680053710938
2022-07-26,16632.900390625,16636.099609375,16463.30078125,16483.849609375,208200.0,18.170000076293945,79.72250366210938
2022-07-27,16475.349609375,16653.44921875,16438.75,16641.80078125,185200.0,18.1299991607666,79.84120178222656
2022-07-28,16774.849609375,16947.650390625,16746.25,16929.599609375,376300.0,17.010000228881836,79.84739685058594
2022-07-29,17079.5,17172.80078125,17018.150390625,17158.25,436100.0,16.549999237060547,79.57150268554688
2022-08-01,17243.19921875,17356.25,17154.80078125,17340.05078125,381500.0,17.489999771118164,79.1948013305664
2022-08-02,17310.150390625,17390.150390625,17215.849609375,17345.44921875,333600.0,18.530000686645508,78.95570373535156
2022-08-03,17349.25,17407.5,17225.849609375,17388.150390625,285400.0,18.450000762939453,78.60449981689453
2022-08-04,17463.099609375,17490.69921875,17161.25,17382.0,325000.0,19.260000228881836,79.11830139160156
2022-08-05,17423.650390625,17474.400390625,17348.75,17397.5,355300.0,18.920000076293945,79.15489959716797
2022-08-08,17401.5,17548.80078125,17359.75,17525.099609375,257000.0,19.299999237060547,79.41059875488281
2022-08-09,17401.5,17548.80078125,17359.75,17525.099609375,257000.0,19.299999237060547,79.60189819335938
2022-08-10,17566.099609375,17566.099609375,17442.80078125,17534.75,312700.0,19.59000015258789,79.57839965820312
2022-08-11,17711.650390625,17719.30078125,17631.94921875,17659.0,311200.0,18.360000610351562,79.0978012084961
2022-08-12,17659.650390625,17724.650390625,17597.849609375,17698.150390625,303900.0,17.610000610351562,79.61399841308594
2022-08-15,17659.650390625,17724.650390625,17597.849609375,17698.150390625,303900.0,17.610000610351562,79.62760162353516
2022-08-16,17797.19921875,17839.099609375,17764.05078125,17825.25,0.0,17.68000030517578,79.55290222167969
2022-08-17,17868.150390625,17965.94921875,17833.349609375,17944.25,262800.0,17.68000030517578,79.14600372314453
2022-08-18,17898.650390625,17968.44921875,17852.05078125,17956.5,263900.0,17.350000381469727,79.35970306396484
2022-08-19,17966.55078125,17992.19921875,17710.75,17758.44921875,295600.0,18.290000915527344,79.7667007446289
2022-08-22,17682.900390625,17690.05078125,17467.349609375,17490.69921875,287600.0,19.040000915527344,79.91790008544922
2022-08-23,17357.349609375,17625.55078125,17345.19921875,17577.5,285600.0,19.049999237060547,79.88379669189453
2022-08-24,17525.44921875,17623.650390625,17499.25,17604.94921875,262000.0,18.43000030517578,79.85449981689453
2022-08-25,17679.0,17726.5,17487.44921875,17522.44921875,230200.0,19.56999969482422,79.79679870605469
2022-08-26,17619.30078125,17685.849609375,17519.349609375,17558.900390625,266600.0,18.219999313354492,79.88289642333984
2022-08-29,17188.650390625,17380.150390625,17166.19921875,17312.900390625,244900.0,19.81999969482422,79.95909881591797
2022-08-30,17414.94921875,17777.650390625,17401.5,17759.30078125,324700.0,18.700000762939453,79.96790313720703
2022-08-31,17414.94921875,17777.650390625,17401.5,17759.30078125,324700.0,18.700000762939453,79.68229675292969
2022-09-01,17485.69921875,17695.599609375,17468.44921875,17542.80078125,308500.0,19.8700008392334,79.54879760742188
2022-09-02,17598.400390625,17643.849609375,17476.44921875,17539.44921875,256300.0,19.549999237060547,79.716796875
2022-09-05,17546.44921875,17683.150390625,17540.349609375,17665.80078125,230300.0,19.65999984741211,79.72450256347656
2022-09-06,17695.69921875,17764.650390625,17587.650390625,17655.599609375,251200.0,19.520000457763672,79.78299713134766
2022-09-07,17519.400390625,17650.75,17484.30078125,17624.400390625,354100.0,19.3700008392334,79.89510345458984
2022-09-08,17748.150390625,17807.650390625,17691.94921875,17798.75,279800.0,18.309999465942383,79.6498031616211
2022-09-09,17923.349609375,17925.94921875,17786.0,17833.349609375,270300.0,17.719999313354492,79.706298828125
2022-09-12,17890.849609375,17980.55078125,17889.150390625,17936.349609375,228200.0,17.940000534057617,79.65579986572266
2022-09-13,18044.44921875,18088.30078125,18015.44921875,18070.05078125,259900.0,17.469999313354492,79.35530090332031
2022-09-14,17771.150390625,18091.55078125,17771.150390625,18003.75,365900.0,18.280000686645508,79.60240173339844
2022-09-15,18046.349609375,18096.150390625,17861.5,17877.400390625,289600.0,18.389999389648438,79.45369720458984
2022-09-16,17796.80078125,17820.05078125,17497.25,17530.849609375,468500.0,19.81999969482422,79.8490982055664
2022-09-19,17540.650390625,17667.19921875,17429.69921875,17622.25,258300.0,19.940000534057617,79.68949890136719
2022-09-20,17770.400390625,17919.30078125,17744.400390625,17816.25,263100.0,18.799999237060547,79.7074966430664
2022-09-21,17766.349609375,17838.69921875,17663.599609375,17718.349609375,245500.0,19.329999923706055,79.76270294189453
2022-09-22,17609.650390625,17722.75,17532.44921875,17629.80078125,284100.0,18.81999969482422,80.05069732666016
2022-09-23,17593.849609375,17642.150390625,17291.650390625,17327.349609375,390800.0,20.59000015258789,81.06220245361328
2022-09-26,17156.30078125,17196.400390625,16978.30078125,17016.30078125,492000.0,21.889999389648438,81.25479888916016
2022-09-27,17110.900390625,17176.44921875,16942.349609375,17007.400390625,359900.0,21.56999969482422,81.61579895019531
2022-09-28,16870.55078125,17037.599609375,16820.400390625,16858.599609375,323900.0,22.100000381469727,81.72460174560547
2022-09-29,16993.599609375,17026.05078125,16788.599609375,16818.099609375,340000.0,21.299999237060547,81.42870330810547
2022-09-30,16798.05078125,17187.099609375,16747.69921875,17094.349609375,376100.0,19.969999313354492,81.48059844970703
2022-10-03,17102.099609375,17114.650390625,16855.55078125,16887.349609375,278400.0,21.3700008392334,81.52130126953125
2022-10-04,17147.44921875,17287.30078125,17117.30078125,17274.30078125,226000.0,19.56999969482422,81.49500274658203
2022-10-05,17147.44921875,17287.30078125,17117.30078125,17274.30078125,226000.0,19.56999969482422,81.46549987792969
2022-10-06,17379.25,17428.80078125,17315.650390625,17331.80078125,265500.0,19.31999969482422,81.6488037109375
2022-10-07,17287.19921875,17337.349609375,17216.94921875,17314.650390625,216300.0,18.809999465942383,82.3489990234375
2022-10-10,17094.349609375,17280.150390625,17064.69921875,17241.0,234000.0,19.6200008392334,82.8322982788086
2022-10-11,17256.05078125,17261.80078125,16950.30078125,16983.55078125,282600.0,20.489999771118164,82.42070007324219
2022-10-12,17025.55078125,17142.349609375,16960.05078125,17123.599609375,256000.0,20.18000030517578,82.2739028930664
2022-10-13,17087.349609375,17112.349609375,16956.94921875,17014.349609375,266400.0,20.290000915527344,82.19999694824219
2022-10-14,17322.30078125,17348.55078125,17169.75,17185.69921875,227000.0,18.260000228881836,82.19210052490234
2022-10-17,17144.80078125,17328.55078125,17098.55078125,17311.80078125,212200.0,18.420000076293945,82.41280364990234
2022-10-18,17438.75,17527.80078125,17434.05078125,17486.94921875,239500.0,17.450000762939453,82.1947021484375
2022-10-19,17568.150390625,17607.599609375,17472.849609375,17512.25,210500.0,17.489999771118164,82.2863998413086
2022-10-20,17423.099609375,17584.150390625,17421.0,17563.94921875,249600.0,17.229999542236328,82.99700164794922
2022-10-21,17622.849609375,17670.150390625,17520.75,17576.30078125,277700.0,17.280000686645508,82.82569885253906
2022-10-24,17736.349609375,17777.55078125,17707.400390625,17730.75,45000.0,17.420000076293945,82.54129791259766
2022-10-25,17808.30078125,17811.5,17637.0,17656.349609375,251400.0,16.8799991607666,82.7614974975586
2022-10-26,17808.30078125,17811.5,17637.0,17656.349609375,251400.0,16.8799991607666,82.44529724121094
2022-10-27,17771.400390625,17783.900390625,17654.5,17736.94921875,324600.0,16.600000381469727,82.04959869384766
2022-10-28,17756.400390625,17838.900390625,17723.69921875,17786.80078125,250000.0,15.920000076293945,82.44249725341797
2022-10-31,17910.19921875,18022.80078125,17899.900390625,18012.19921875,227200.0,15.800000190734863,82.23919677734375
2022-11-01,18130.69921875,18175.80078125,18060.150390625,18145.400390625,349900.0,16.1299991607666,82.72899627685547
2022-11-02,18177.900390625,18178.75,18048.650390625,18082.849609375,270900.0,16.65999984741211,82.68450164794922
2022-11-03,17968.349609375,18106.30078125,17959.19921875,18052.69921875,213000.0,15.9399995803833,82.88839721679688
2022-11-04,18053.400390625,18135.099609375,18017.150390625,18117.150390625,267900.0,15.65999984741211,82.68180084228516
2022-11-07,18211.75,18255.5,18064.75,18202.80078125,314800.0,15.59000015258789,81.9749984741211
2022-11-08,18211.75,18255.5,18064.75,18202.80078125,314800.0,15.59000015258789,81.82599639892578
2022-11-09,18288.25,18296.400390625,18117.5,18157.0,307200.0,15.920000076293945,81.40519714355469
2022-11-10,18044.349609375,18103.099609375,17969.400390625,18028.19921875,256500.0,15.569999694824219,81.34380340576172
2022-11-11,18272.349609375,18362.30078125,18259.349609375,18349.69921875,378500.0,14.40999984741211,80.48290252685547
2022-11-14,18376.400390625,18399.44921875,18311.400390625,18329.150390625,301400.0,14.90999984741211,80.49700164794922
2022-11-15,18362.75,18427.94921875,18282.0,18403.400390625,250900.0,14.640000343322754,80.99199676513672
2022-11-16,18398.25,18442.150390625,18344.150390625,18409.650390625,219300.0,15.100000381469727,81.07140350341797
2022-11-17,18358.69921875,18417.599609375,18312.94921875,18343.900390625,200500.0,14.880000114440918,81.49530029296875
2022-11-18,18382.94921875,18394.599609375,18209.80078125,18307.650390625,198800.0,14.390000343322754,81.52490234375
2022-11-21,18246.400390625,18262.30078125,18133.349609375,18159.94921875,213800.0,14.800000190734863,81.5198974609375
2022-11-22,18179.150390625,18261.849609375,18137.69921875,18244.19921875,177700.0,13.84000015258789,81.72769927978516
2022-11-23,18325.19921875,18325.400390625,18246.0,18267.25,178800.0,14.039999961853027,81.71499633789062
2022-11-24,18326.099609375,18529.69921875,18294.25,18484.099609375,204000.0,13.479999542236328,81.63289642333984
2022-11-25,18528.44921875,18534.900390625,18445.099609375,18512.75,205900.0,13.329999923706055,81.65540313720703
2022-11-28,18430.55078125,18614.25,18365.599609375,18562.75,206500.0,13.569999694824219,81.6697006225586
2022-11-29,18552.44921875,18678.099609375,18552.150390625,18618.05078125,195300.0,13.619999885559082,81.65029907226562
2022-11-30,18625.69921875,18816.05078125,18616.55078125,18758.349609375,345600.0,13.8100004196167,81.63089752197266
2022-12-01,18871.94921875,18887.599609375,18778.19921875,18812.5,325000.0,13.359999656677246,81.3052978515625
2022-12-02,18752.400390625,18781.94921875,18639.19921875,18696.099609375,254400.0,13.449999809265137,81.16220092773438
2022-12-05,18719.55078125,18728.599609375,18591.349609375,18701.05078125,288400.0,13.729999542236328,81.42250061035156
2022-12-06,18600.650390625,18654.900390625,18577.900390625,18642.75,217800.0,14.039999961853027,81.89900207519531
2022-12-07,18638.849609375,18668.30078125,18528.400390625,18560.5,200500.0,14.079999923706055,82.37220001220703
2022-12-08,18570.849609375,18625.0,18536.94921875,18609.349609375,202800.0,13.399999618530273,82.25350189208984
2022-12-09,18662.400390625,18664.69921875,18410.099609375,18496.599609375,215800.0,13.479999542236328,82.2791976928711
2022-12-12,18402.150390625,18521.55078125,18345.69921875,18497.150390625,193900.0,13.319999694824219,82.41300201416016
2022-12-13,18524.400390625,18617.25,18490.19921875,18608.0,187600.0,12.880000114440918,82.64469909667969
2022-12-14,18671.25,18696.099609375,18632.900390625,18660.30078125,208000.0,12.890000343322754,82.40249633789062
2022-12-15,18614.400390625,18652.900390625,18387.69921875,18414.900390625,183100.0,13.729999542236328,82.50800323486328
2022-12-16,18319.099609375,18440.94921875,18255.150390625,18269.0,277700.0,14.069999694824219,82.85790252685547
2022-12-19,18288.099609375,18431.650390625,18244.55078125,18420.44921875,154800.0,13.550000190734863,82.72599792480469
2022-12-20,18340.30078125,18404.900390625,18202.650390625,18385.30078125,169000.0,13.779999732971191,82.58190155029297
2022-12-21,18435.150390625,18473.349609375,18162.75,18199.099609375,187600.0,15.5600004196167,82.63690185546875
2022-12-22,18288.80078125,18318.75,18068.599609375,18127.349609375,195700.0,15.1899995803833,82.87860107421875
2022-12-23,17977.650390625,18050.44921875,17779.5,17806.80078125,221500.0,16.15999984741211,82.8749008178711
2022-12-26,17830.400390625,18084.099609375,17774.25,18014.599609375,176700.0,16.15999984741211,82.6041030883789
2022-12-27,18089.80078125,18149.25,17967.44921875,18132.30078125,214300.0,15.289999961853027,82.90290069580078
2022-12-28,18084.75,18173.099609375,18068.349609375,18122.5,193900.0,15.399999618530273,82.7761001586914
2022-12-29,18045.69921875,18229.69921875,17992.80078125,18191.0,281100.0,14.8100004196167,82.85199737548828
2022-12-30,18259.099609375,18265.25,18080.30078125,18105.30078125,192000.0,14.869999885559082,82.83509826660156
2023-01-02,18131.69921875,18215.150390625,18086.5,18197.44921875,256100.0,14.6899995803833,82.74980163574219
2023-01-03,18163.19921875,18251.94921875,18149.80078125,18232.55078125,208700.0,14.390000343322754,82.70600128173828
2023-01-04,18230.650390625,18243.0,18020.599609375,18042.94921875,235200.0,15.199999809265137,82.78569793701172
2023-01-05,18101.94921875,18120.30078125,17892.599609375,17992.150390625,269900.0,14.979999542236328,82.66649627685547
2023-01-06,18008.05078125,18047.400390625,17795.55078125,17859.44921875,238200.0,15.029999732971191,82.64520263671875
2023-01-09,17952.55078125,18141.400390625,17936.150390625,18101.19921875,257200.0,14.649999618530273,82.27339935302734
2023-01-10,18121.30078125,18127.599609375,17856.0,17914.150390625,283300.0,15.510000228881836,82.18009948730469
2023-01-11,17924.25,17976.349609375,17824.349609375,17895.69921875,259900.0,15.4399995803833,81.63739776611328
2023-01-12,17920.849609375,17945.80078125,17761.650390625,17858.19921875,227800.0,15.279999732971191,81.63179779052734
2023-01-13,17867.5,17999.349609375,17774.25,17956.599609375,256700.0,14.460000038146973,81.1156005859375
2023-01-16,18033.150390625,18049.650390625,17853.650390625,17894.849609375,206200.0,15.020000457763672,81.27799987792969
2023-01-17,17922.80078125,18072.05078125,17886.94921875,18053.30078125,219100.0,14.59000015258789,81.65260314941406
2023-01-18,18074.30078125,18183.75,18032.44921875,18165.349609375,255800.0,14.369999885559082,81.52549743652344
2023-01-19,18119.80078125,18155.19921875,18063.75,18107.849609375,237800.0,13.960000038146973,81.43599700927734
2023-01-20,18115.599609375,18145.44921875,18016.19921875,18027.650390625,237200.0,13.789999961853027,81.23979949951172
2023-01-23,18118.44921875,18162.599609375,18063.44921875,18118.55078125,202500.0,13.619999885559082,80.97599792480469
2023-01-24,18183.94921875,18201.25,18078.650390625,18118.30078125,216900.0,13.65999984741211,81.48799896240234
2023-01-25,18093.349609375,18100.599609375,17846.150390625,17891.94921875,257200.0,14.65999984741211,81.60189819335938
2023-01-26,18093.349609375,18100.599609375,17846.150390625,17891.94921875,257200.0,14.65999984741211,81.50270080566406
2023-01-27,17877.19921875,17884.75,17493.55078125,17604.349609375,476300.0,17.31999969482422,81.44509887695312
2023-01-30,17541.94921875,17709.150390625,17405.55078125,17648.94921875,432400.0,17.709999084472656,81.50800323486328
2023-01-31,17731.44921875,17735.69921875,17537.55078125,17662.150390625,398300.0,16.8799991607666,81.57990264892578
2023-02-01,17811.599609375,17972.19921875,17353.400390625,17616.30078125,512900.0,16.780000686645508,81.76840209960938
2023-02-02,17517.099609375,17653.900390625,17445.94921875,17610.400390625,490100.0,15.729999542236328,81.71029663085938
2023-02-03,17721.75,17870.30078125,17584.19921875,17854.05078125,424100.0,14.399999618530273,82.0458984375
2023-02-06,17818.55078125,17823.69921875,17698.349609375,17764.599609375,282500.0,14.6899995803833,82.22599792480469
2023-02-07,17790.099609375,17811.150390625,17652.55078125,17721.5,354400.0,14.130000114440918,82.75499725341797
2023-02-08,17750.30078125,17898.69921875,17744.150390625,17871.69921875,291000.0,13.600000381469727,82.74189758300781
2023-02-09,17885.5,17916.900390625,17779.80078125,17893.44921875,260900.0,13.039999961853027,82.65950012207031
2023-02-10,17847.55078125,17876.94921875,17801.0,17856.5,232000.0,12.75,82.533203125
2023-02-13,17859.099609375,17880.69921875,17719.75,17770.900390625,231300.0,13.680000305175781,82.51300048828125
2023-02-14,17840.349609375,17954.55078125,17800.05078125,17929.849609375,244500.0,13.449999809265137,82.59739685058594
2023-02-15,17896.599609375,18034.099609375,17853.80078125,18015.849609375,229300.0,12.859999656677246,82.86759948730469
2023-02-16,18094.75,18134.75,18000.650390625,18035.849609375,230200.0,12.890000343322754,82.73770141601562
2023-02-17,17974.849609375,18034.25,17884.599609375,17944.19921875,208100.0,13.09000015258789,82.69529724121094
2023-02-20,17965.55078125,18004.349609375,17818.400390625,17844.599609375,174600.0,13.380000114440918,82.75800323486328
2023-02-21,17905.80078125,17924.900390625,17800.30078125,17826.69921875,198200.0,14.010000228881836,82.69750213623047
2023-02-22,17755.349609375,17772.5,17529.44921875,17554.30078125,204000.0,15.59000015258789,82.86119842529297
2023-02-23,17574.650390625,17620.05078125,17455.400390625,17511.25,240800.0,15.079999923706055,82.83529663085938
2023-02-24,17591.349609375,17599.75,17421.80078125,17465.80078125,209400.0,14.1899995803833,82.6178970336914
2023-02-27,17428.599609375,17451.599609375,17299.0,17392.69921875,246400.0,13.880000114440918,82.91799926757812
2023-02-28,17383.25,17440.44921875,17255.19921875,17303.94921875,420900.0,14.020000457763672,82.6520004272461
2023-03-01,17360.099609375,17467.75,17345.25,17450.900390625,272900.0,13.0,82.6353988647461
2023-03-02,17421.5,17445.80078125,17306.0,17321.900390625,310700.0,12.970000267028809,82.4198989868164
2023-03-03,17451.25,17644.75,17427.69921875,17594.349609375,356200.0,12.180000305175781,82.35569763183594
2023-03-06,17680.349609375,17799.94921875,17671.94921875,17711.44921875,362800.0,12.270000457763672,81.7125015258789
2023-03-07,17680.349609375,17799.94921875,17671.94921875,17711.44921875,362800.0,12.270000457763672,81.85440063476562
2023-03-08,17665.75,17766.5,17602.25,17754.400390625,267000.0,12.449999809265137,82.07460021972656
2023-03-09,17772.05078125,17772.349609375,17573.599609375,17589.599609375,262400.0,12.729999542236328,81.9645004272461
2023-03-10,17443.80078125,17451.5,17324.349609375,17412.900390625,235900.0,13.40999984741211,82.01840209960938
2023-03-13,17421.900390625,17529.900390625,17113.44921875,17154.30078125,254900.0,16.219999313354492,81.95800018310547
2023-03-14,17160.55078125,17224.650390625,16987.099609375,17043.30078125,290600.0,16.219999313354492,82.41739654541016
2023-03-15,17166.44921875,17211.349609375,16938.900390625,16972.150390625,248200.0,16.299999237060547,82.30490112304688
2023-03-16,16994.650390625,17062.44921875,16850.150390625,16985.599609375,349800.0,16.219999313354492,82.7156982421875
2023-03-17,17111.80078125,17145.80078125,16958.150390625,17100.05078125,408100.0,14.770000457763672,82.622802734375
2023-03-20,17066.599609375,17066.599609375,16828.349609375,16988.400390625,241800.0,16.010000228881836,82.53299713134766
2023-03-21,17060.400390625,17127.69921875,17016.0,17107.5,246700.0,15.079999923706055,82.52909851074219
2023-03-22,17177.44921875,17207.25,17107.849609375,17151.900390625,0.0,14.8100004196167,82.677001953125
2023-03-23,17097.400390625,17205.400390625,17045.30078125,17076.900390625,219200.0,14.489999771118164,82.52580261230469
2023-03-24,17076.19921875,17109.44921875,16917.349609375,16945.05078125,228000.0,15.239999771118164,82.26529693603516
2023-03-27,16984.30078125,17091.0,16918.55078125,16985.69921875,218400.0,15.449999809265137,82.33879852294922
2023-03-28,17031.75,17061.75,16913.75,16951.69921875,238800.0,15.100000381469727,82.21489715576172
2023-03-29,16977.30078125,17126.150390625,16940.599609375,17080.69921875,345900.0,13.630000114440918,82.16429901123047
2023-03-30,16977.30078125,17126.150390625,16940.599609375,17080.69921875,345900.0,13.630000114440918,82.25540161132812
2023-03-31,17210.349609375,17381.599609375,17204.650390625,17359.75,263900.0,12.9399995803833,82.10050201416016
2023-04-03,17427.94921875,17428.05078125,17312.75,17398.05078125,230200.0,12.59000015258789,82.18479919433594
2023-04-04,17427.94921875,17428.05078125,17312.75,17398.05078125,230200.0,12.59000015258789,82.14089965820312
2023-04-05,17422.30078125,17570.55078125,17402.69921875,17557.05078125,248300.0,12.40999984741211,82.11479949951172
2023-04-06,17533.849609375,17638.69921875,17502.849609375,17599.150390625,242700.0,11.800000190734863,81.94999694824219
2023-04-07,17533.849609375,17638.69921875,17502.849609375,17599.150390625,242700.0,11.800000190734863,81.831298828125
2023-04-10,17634.900390625,17694.099609375,17597.94921875,17624.05078125,254800.0,12.270000457763672,81.88480377197266
2023-04-11,17704.80078125,17748.75,17655.150390625,17722.30078125,304300.0,11.979999542236328,81.98390197753906
2023-04-12,17759.55078125,17825.75,17717.25,17812.400390625,232800.0,12.270000457763672,82.07009887695312
2023-04-13,17807.30078125,17842.150390625,17729.650390625,17828.0,285800.0,11.90999984741211,81.96060180664062
2023-04-14,17807.30078125,17842.150390625,17729.650390625,17828.0,285800.0,11.90999984741211,81.68070220947266
2023-04-17,17863.0,17863.0,17574.05078125,17706.849609375,357400.0,12.270000457763672,81.84480285644531
2023-04-18,17766.599609375,17766.599609375,17610.19921875,17660.150390625,258900.0,12.079999923706055,82.00370025634766
2023-04-19,17653.349609375,17666.150390625,17579.849609375,17618.75,281500.0,12.149999618530273,82.10790252685547
2023-04-20,17638.599609375,17684.44921875,17584.349609375,17624.44921875,215100.0,11.9399995803833,82.34010314941406
2023-04-21,17639.75,17663.19921875,17553.94921875,17624.05078125,230200.0,11.630000114440918,82.14089965820312
2023-04-24,17707.55078125,17754.5,17612.5,17743.400390625,255700.0,11.670000076293945,82.05480194091797
2023-04-25,17761.55078125,17807.44921875,17716.849609375,17769.25,297400.0,11.520000457763672,81.85230255126953
2023-04-26,17767.30078125,17827.75,17711.19921875,17813.599609375,233000.0,11.649999618530273,81.9916000366211
2023-04-27,17813.099609375,17931.599609375,17797.900390625,17915.05078125,241400.0,11.430000305175781,81.76689910888672
2023-04-28,17950.400390625,18089.150390625,17885.30078125,18065.0,290300.0,10.949999809265137,81.76509857177734
2023-05-01,17950.400390625,18089.150390625,17885.30078125,18065.0,290300.0,10.949999809265137,81.74479675292969
2023-05-02,18124.80078125,18180.25,18101.75,18147.650390625,265200.0,11.899999618530273,81.77469635009766
2023-05-03,18113.80078125,18116.349609375,18042.400390625,18089.849609375,226200.0,11.84000015258789,81.77870178222656
2023-05-04,18081.0,18267.44921875,18066.69921875,18255.80078125,226600.0,11.729999542236328,81.77999877929688
2023-05-05,18117.30078125,18216.94921875,18055.44921875,18069.0,239700.0,12.300000190734863,81.71610260009766
2023-05-08,18120.599609375,18286.94921875,18100.30078125,18264.400390625,228400.0,12.640000343322754,81.72979736328125
2023-05-09,18303.400390625,18344.19921875,18229.650390625,18265.94921875,245400.0,12.680000305175781,81.78710174560547
2023-05-10,18313.599609375,18326.75,18211.94921875,18315.099609375,220500.0,13.079999923706055,82.1050033569336
2023-05-11,18357.80078125,18389.69921875,18270.400390625,18297.0,248900.0,13.220000267028809,81.9198989868164
2023-05-12,18273.75,18342.75,18194.55078125,18314.80078125,241700.0,12.850000381469727,82.10030364990234
2023-05-15,18339.30078125,18458.900390625,18287.900390625,18398.849609375,216100.0,13.170000076293945,82.20030212402344
2023-05-16,18432.349609375,18432.349609375,18264.349609375,18286.5,219500.0,13.289999961853027,82.2667007446289
2023-05-17,18300.44921875,18309.0,18115.349609375,18181.75,229900.0,13.109999656677246,82.2959976196289
2023-05-18,18287.5,18297.19921875,18104.849609375,18129.94921875,272100.0,12.800000190734863,82.45030212402344
2023-05-19,18186.150390625,18218.099609375,18060.400390625,18203.400390625,260900.0,12.300000190734863,82.72509765625
2023-05-22,18201.099609375,18335.25,18178.849609375,18314.400390625,262600.0,12.569999694824219,82.90480041503906
2023-05-23,18362.900390625,18419.75,18324.19921875,18348.0,270400.0,12.609999656677246,82.82499694824219
2023-05-24,18294.80078125,18392.599609375,18262.94921875,18285.400390625,232600.0,13.109999656677246,82.8906021118164
2023-05-25,18268.900390625,18338.099609375,18202.400390625,18321.150390625,235900.0,12.520000457763672,82.71369934082031
2023-05-26,18368.349609375,18508.55078125,18333.150390625,18499.349609375,198700.0,11.899999618530273,82.74210357666016
2023-05-29,18619.150390625,18641.19921875,18581.25,18598.650390625,265300.0,12.300000190734863,82.57479858398438
2023-05-30,18606.650390625,18662.44921875,18575.5,18633.849609375,234400.0,12.010000228881836,82.57969665527344
2023-05-31,18594.19921875,18603.900390625,18483.849609375,18534.400390625,696500.0,11.970000267028809,82.68389892578125
2023-06-01,18579.400390625,18580.30078125,18464.55078125,18487.75,265600.0,11.600000381469727,82.66680145263672
2023-06-02,18550.849609375,18573.69921875,18478.400390625,18534.099609375,270900.0,11.130000114440918,82.27670288085938
2023-06-05,18612.0,18640.150390625,18582.80078125,18593.849609375,256100.0,11.140000343322754,82.40979766845703
2023-06-06,18600.80078125,18622.75,18531.599609375,18599.0,220800.0,11.380000114440918,82.51119995117188
2023-06-07,18665.599609375,18738.94921875,18636.0,18726.400390625,260100.0,11.4399995803833,82.51719665527344
2023-06-08,18725.349609375,18777.900390625,18615.599609375,18634.55078125,286500.0,11.260000228881836,82.61810302734375
2023-06-09,18655.900390625,18676.650390625,18555.400390625,18563.400390625,221800.0,11.119999885559082,82.48829650878906
2023-06-12,18595.05078125,18633.599609375,18559.75,18601.5,179500.0,11.25,82.4448013305664
2023-06-13,18631.80078125,18728.900390625,18631.80078125,18716.150390625,233200.0,11.109999656677246,82.33719635009766
2023-06-14,18744.599609375,18769.69921875,18690.0,18755.900390625,261400.0,11.15999984741211,82.29039764404297
2023-06-15,18774.44921875,18794.099609375,18669.05078125,18688.099609375,263000.0,11.079999923706055,82.04499816894531
2023-06-16,18723.30078125,18864.69921875,18710.5,18826.0,272800.0,10.84000015258789,81.9126968383789
2023-06-19,18873.30078125,18881.44921875,18719.150390625,18755.44921875,219800.0,11.229999542236328,81.91480255126953
2023-06-20,18752.349609375,18839.69921875,18660.650390625,18816.69921875,211600.0,11.130000114440918,81.98139953613281
2023-06-21,18849.400390625,18875.900390625,18794.849609375,18856.849609375,217500.0,11.289999961853027,81.9917984008789
2023-06-22,18853.599609375,18886.599609375,18759.5,18771.25,252700.0,11.550000190734863,81.94149780273438
2023-06-23,18741.849609375,18756.400390625,18647.099609375,18665.5,210600.0,11.239999771118164,81.91929626464844
2023-06-26,18682.349609375,18722.05078125,18646.69921875,18691.19921875,171300.0,11.399999618530273,81.98480224609375
2023-06-27,18748.55078125,18829.25,18714.25,18817.400390625,222500.0,10.779999732971191,82.00650024414062
2023-06-28,18908.150390625,19011.25,18861.349609375,18972.099609375,398800.0,10.890000343322754,81.99839782714844
2023-06-29,18908.150390625,19011.25,18861.349609375,18972.099609375,398800.0,10.890000343322754,82.02649688720703
2023-06-30,19076.849609375,19201.69921875,19024.599609375,19189.05078125,247900.0,10.800000190734863,82.07540130615234
2023-07-03,19246.5,19345.099609375,19234.400390625,19322.55078125,226100.0,11.539999961853027,82.09629821777344
2023-07-04,19406.599609375,19434.150390625,19300.0,19389.0,226900.0,11.699999809265137,81.95010375976562
2023-07-05,19405.94921875,19421.599609375,19339.599609375,19398.5,224400.0,11.880000114440918,82.0071029663086
2023-07-06,19385.69921875,19512.19921875,19373.0,19497.30078125,268300.0,11.84000015258789,82.39409637451172
2023-07-07,19422.80078125,19523.599609375,19303.599609375,19331.80078125,237100.0,11.529999732971191,82.76840209960938
2023-07-10,19400.349609375,19435.849609375,19327.099609375,19355.900390625,268200.0,11.460000038146973,82.61530303955078
2023-07-11,19427.099609375,19515.099609375,19406.44921875,19439.400390625,251300.0,11.010000228881836,82.52529907226562
2023-07-12,19497.44921875,19507.69921875,19361.75,19384.30078125,327900.0,10.9399995803833,82.39990234375
2023-07-13,19495.19921875,19567.0,19385.80078125,19413.75,310400.0,10.9399995803833,82.00180053710938
2023-07-14,19493.44921875,19595.349609375,19433.5,19564.5,291200.0,10.680000305175781,82.03079986572266
2023-07-17,19612.150390625,19731.849609375,19562.94921875,19711.44921875,268700.0,11.319999694824219,82.07679748535156
2023-07-18,19787.5,19819.44921875,19690.19921875,19749.25,286400.0,11.710000038146973,82.06159973144531
2023-07-19,19802.94921875,19851.69921875,19727.44921875,19833.150390625,259700.0,11.600000381469727,82.07540130615234
2023-07-20,19831.69921875,19991.849609375,19758.400390625,19979.150390625,274700.0,11.789999961853027,82.06169891357422
2023-07-21,19800.44921875,19887.400390625,19700.0,19745.0,312500.0,11.489999771118164,82.0823974609375
2023-07-24,19748.44921875,19782.75,19658.30078125,19672.349609375,265600.0,11.649999618530273,81.99030303955078
2023-07-25,19729.349609375,19729.349609375,19615.94921875,19680.599609375,369700.0,10.239999771118164,81.81420135498047
2023-07-26,19733.349609375,19825.599609375,19716.69921875,19778.30078125,244700.0,10.460000038146973,81.95010375976562
2023-07-27,19850.900390625,19867.55078125,19603.55078125,19659.900390625,334900.0,10.510000228881836,81.97550201416016
2023-07-28,19659.75,19695.900390625,19563.099609375,19646.05078125,258700.0,10.140000343322754,82.3749008178711
2023-07-31,19666.349609375,19772.75,19597.599609375,19753.80078125,295100.0,10.40999984741211,82.25279998779297
2023-08-01,19784.0,19795.599609375,19704.599609375,19733.55078125,298000.0,10.279999732971191,82.2332992553711
2023-08-02,19655.400390625,19678.25,19423.55078125,19526.55078125,290700.0,11.279999732971191,82.30729675292969
2023-08-03,19463.75,19537.650390625,19296.44921875,19381.650390625,315700.0,11.1899995803833,82.7332992553711
2023-08-04,19462.80078125,19538.849609375,19436.44921875,19517.0,280800.0,10.569999694824219,82.7843017578125
2023-08-07,19576.849609375,19620.44921875,19524.80078125,19597.30078125,216600.0,11.100000381469727,82.69529724121094
2023-08-08,19627.19921875,19634.400390625,19533.099609375,19570.849609375,260300.0,11.329999923706055,82.74829864501953
2023-08-09,19578.80078125,19645.5,19467.5,19632.55078125,266500.0,11.140000343322754,82.84500122070312
2023-08-10,19605.55078125,19623.599609375,19495.400390625,19543.099609375,312200.0,11.399999618530273,82.86630249023438
2023-08-11,19554.25,19557.75,19412.75,19428.30078125,235500.0,11.520000457763672,82.79989624023438
2023-08-14,19383.94921875,19465.849609375,19257.900390625,19434.55078125,243900.0,12.0,82.89730072021484
2023-08-15,19383.94921875,19465.849609375,19257.900390625,19434.55078125,243900.0,12.0,83.2333984375
2023-08-16,19369.0,19482.75,19317.19921875,19465.0,0.0,12.130000114440918,83.19419860839844
2023-08-17,19450.55078125,19461.55078125,19326.25,19365.25,268700.0,12.239999771118164,83.23699951171875
2023-08-18,19301.75,19373.80078125,19253.599609375,19310.150390625,256100.0,12.140000343322754,83.09829711914062
2023-08-21,19320.650390625,19425.94921875,19296.30078125,19393.599609375,262600.0,11.960000038146973,83.16729736328125
2023-08-22,19417.099609375,19443.5,19381.30078125,19396.44921875,208700.0,11.75,83.1135025024414
2023-08-23,19439.19921875,19472.05078125,19366.599609375,19444.0,225200.0,11.729999542236328,83.07330322265625
2023-08-24,19535.150390625,19584.44921875,19369.0,19386.69921875,268300.0,11.699999809265137,82.5447006225586
2023-08-25,19297.400390625,19339.55078125,19229.69921875,19265.80078125,466500.0,12.079999923706055,82.64140319824219
2023-08-28,19298.349609375,19366.849609375,19249.69921875,19306.05078125,248200.0,12.399999618530273,82.66429901123047
2023-08-29,19374.849609375,19377.900390625,19309.099609375,19342.650390625,307400.0,12.229999542236328,82.69149780273438
2023-08-30,19433.44921875,19452.80078125,19334.75,19347.44921875,233000.0,11.800000190734863,82.49469757080078
2023-08-31,19375.55078125,19388.19921875,19223.650390625,19253.80078125,562600.0,12.0600004196167,82.70040130615234
2023-09-01,19258.150390625,19458.55078125,19255.69921875,19435.30078125,333000.0,11.369999885559082,82.68240356445312
2023-09-04,19525.05078125,19545.150390625,19432.849609375,19528.80078125,296800.0,10.960000038146973,82.6969985961914
2023-09-05,19564.650390625,19587.05078125,19525.75,19574.900390625,256800.0,10.819999694824219,82.7345962524414
2023-09-06,19581.19921875,19636.44921875,19491.5,19611.05078125,287600.0,10.680000305175781,83.08609771728516
2023-09-07,19598.650390625,19737.0,19550.05078125,19727.05078125,304900.0,10.869999885559082,83.25740051269531
2023-09-08,19774.80078125,19867.150390625,19727.05078125,19819.94921875,288100.0,10.779999732971191,83.24150085449219
2023-09-11,19890.0,20008.150390625,19865.349609375,19996.349609375,248800.0,11.350000381469727,83.03130340576172
2023-09-12,20110.150390625,20110.349609375,19914.650390625,19993.19921875,328100.0,11.6899995803833,82.94329833984375
2023-09-13,19989.5,20096.900390625,19944.099609375,20070.0,251400.0,11.829999923706055,82.84300231933594
2023-09-14,20127.94921875,20167.650390625,20043.44921875,20103.099609375,275100.0,11.319999694824219,82.93679809570312
2023-09-15,20156.44921875,20222.44921875,20129.69921875,20192.349609375,438200.0,10.899999618530273,83.0282974243164
2023-09-18,20155.94921875,20195.349609375,20115.69921875,20133.30078125,264900.0,10.84000015258789,83.08580017089844
2023-09-19,20155.94921875,20195.349609375,20115.69921875,20133.30078125,264900.0,10.84000015258789,83.25489807128906
2023-09-20,19980.75,20050.650390625,19878.849609375,19901.400390625,378100.0,11.130000114440918,83.19499969482422
2023-09-21,19840.55078125,19848.75,19709.94921875,19742.349609375,275100.0,10.819999694824219,83.08699798583984
2023-09-22,19744.849609375,19798.650390625,19657.5,19674.25,246400.0,10.65999984741211,82.89129638671875
2023-09-25,19678.19921875,19734.150390625,19601.55078125,19674.55078125,188400.0,10.899999618530273,82.97480010986328
2023-09-26,19682.80078125,19699.349609375,19637.44921875,19664.69921875,204900.0,11.1899995803833,83.0282974243164
2023-09-27,19637.05078125,19730.69921875,19554.0,19716.44921875,203600.0,11.59000015258789,83.29869842529297
2023-09-28,19761.80078125,19766.650390625,19492.099609375,19523.55078125,352800.0,12.819999694824219,83.22270202636719
2023-09-29,19581.19921875,19726.25,19551.05078125,19638.30078125,243500.0,11.449999809265137,83.19300079345703
2023-10-02,19581.19921875,19726.25,19551.05078125,19638.30078125,243500.0,11.449999809265137,83.03479766845703
2023-10-03,19622.400390625,19623.19921875,19479.650390625,19528.75,221700.0,11.789999961853027,83.3593978881836
2023-10-04,19446.30078125,19457.80078125,19333.599609375,19436.099609375,277100.0,11.65999984741211,83.22979736328125
2023-10-05,19521.849609375,19576.94921875,19487.30078125,19545.75,234900.0,10.9399995803833,83.44979858398438
2023-10-06,19621.19921875,19675.75,19589.400390625,19653.5,159100.0,10.300000190734863,83.22489929199219
2023-10-09,19539.44921875,19588.94921875,19480.5,19512.349609375,165100.0,11.399999618530273,83.12460327148438
2023-10-10,19565.599609375,19717.80078125,19565.44921875,19689.849609375,216600.0,11.270000457763672,83.27030181884766
2023-10-11,19767.0,19839.19921875,19756.94921875,19811.349609375,213700.0,10.989999771118164,83.25029754638672
2023-10-12,19822.69921875,19843.30078125,19772.650390625,19794.0,217900.0,10.619999885559082,83.21800231933594
2023-10-13,19654.55078125,19805.400390625,19635.30078125,19751.05078125,255000.0,10.619999885559082,83.26239776611328
2023-10-16,19737.25,19781.30078125,19691.849609375,19731.75,181000.0,11.069999694824219,83.28230285644531
2023-10-17,19843.19921875,19849.75,19775.650390625,19811.5,185800.0,10.699999809265137,83.19950103759766
2023-10-18,19820.44921875,19840.94921875,19659.94921875,19671.099609375,198900.0,10.970000267028809,83.26429748535156
2023-10-19,19545.19921875,19681.80078125,19512.349609375,19624.69921875,230300.0,10.899999618530273,83.26860046386719
2023-10-20,19542.150390625,19593.80078125,19518.69921875,19542.650390625,198300.0,10.819999694824219,83.12229919433594
2023-10-23,19521.599609375,19556.849609375,19257.849609375,19281.75,176000.0,10.90999984741211,83.15979766845703
2023-10-24,19521.599609375,19556.849609375,19257.849609375,19281.75,176000.0,10.90999984741211,83.02940368652344
2023-10-25,19286.44921875,19347.30078125,19074.150390625,19122.150390625,225300.0,11.3100004196167,82.98780059814453
2023-10-26,19027.25,19041.69921875,18837.849609375,18857.25,300400.0,11.729999542236328,83.1709976196289
2023-10-27,18928.75,19076.150390625,18926.650390625,19047.25,205200.0,10.90999984741211,83.28250122070312
2023-10-30,19053.400390625,19158.5,18940.0,19140.900390625,180100.0,11.489999771118164,83.41339874267578
2023-10-31,19232.94921875,19233.69921875,19056.44921875,19079.599609375,206000.0,11.829999923706055,83.29650115966797
2023-11-01,19064.05078125,19096.05078125,18973.69921875,18989.150390625,194100.0,12.050000190734863,83.2771987915039
2023-11-02,19120.0,19175.25,19064.150390625,19133.25,245600.0,11.079999923706055,85.19400024414062
2023-11-03,19241.0,19276.25,19210.900390625,19230.599609375,189500.0,10.880000114440918,83.24729919433594
2023-11-06,19345.849609375,19423.0,19309.69921875,19411.75,180700.0,11.109999656677246,83.15850067138672
2023-11-07,19404.05078125,19423.5,19329.099609375,19406.69921875,198700.0,11.1899995803833,83.2228012084961
2023-11-08,19449.599609375,19464.400390625,19401.5,19443.5,195000.0,11.039999961853027,83.23269653320312
2023-11-09,19457.400390625,19463.900390625,19378.349609375,19395.30078125,208400.0,10.979999542236328,83.21769714355469
2023-11-10,19351.849609375,19451.30078125,19329.44921875,19425.349609375,152200.0,11.109999656677246,83.31939697265625
2023-11-13,19486.75,19494.400390625,19414.75,19443.55078125,189300.0,11.1899995803833,83.29889678955078
2023-11-14,19486.75,19494.400390625,19414.75,19443.55078125,189300.0,11.1899995803833,83.19760131835938
2023-11-15,19651.400390625,19693.19921875,19579.650390625,19675.44921875,291500.0,11.140000343322754,82.98159790039062
2023-11-16,19674.69921875,19875.25,19627.0,19765.19921875,282700.0,11.649999618530273,83.18620300292969
2023-11-17,19674.75,19806.0,19667.44921875,19731.80078125,236800.0,11.829999923706055,83.12030029296875
2023-11-20,19731.150390625,19756.44921875,19670.5,19694.0,173800.0,12.149999618530273,83.29149627685547
2023-11-21,19770.900390625,19829.099609375,19754.05078125,19783.400390625,195000.0,12.229999542236328,83.32219696044922
2023-11-22,19784.0,19825.55078125,19703.849609375,19811.849609375,184500.0,11.869999885559082,83.345703125
2023-11-23,19828.44921875,19875.150390625,19786.75,19802.0,170000.0,11.319999694824219,83.54830169677734
2023-11-24,19809.599609375,19832.849609375,19768.849609375,19794.69921875,145900.0,11.329999923706055,83.34400177001953
2023-11-27,19809.599609375,19832.849609375,19768.849609375,19794.69921875,145900.0,11.329999923706055,83.31449890136719
2023-11-28,19844.650390625,19916.849609375,19800.0,19889.69921875,229600.0,12.180000305175781,83.364501953125
2023-11-29,19976.55078125,20104.650390625,19956.30078125,20096.599609375,236200.0,12.710000038146973,83.41809844970703
2023-11-30,20108.5,20158.69921875,20015.849609375,20133.150390625,486600.0,12.6899995803833,83.3302993774414
2023-12-01,20194.099609375,20291.55078125,20183.69921875,20267.900390625,265800.0,12.380000114440918,83.35269927978516
2023-12-04,20601.94921875,20702.650390625,20507.75,20686.80078125,381100.0,12.989999771118164,83.21859741210938
2023-12-05,20808.900390625,20864.05078125,20711.150390625,20855.099609375,421000.0,13.460000038146973,83.41709899902344
2023-12-06,20950.75,20961.94921875,20852.150390625,20937.69921875,359200.0,13.739999771118164,83.31590270996094
2023-12-07,20932.400390625,20941.25,20850.80078125,20901.150390625,275000.0,12.670000076293945,83.28959655761719
2023-12-08,20934.099609375,21006.099609375,20862.69921875,20969.400390625,292400.0,12.470000267028809,83.35489654541016
2023-12-11,20965.30078125,21026.099609375,20923.69921875,20997.099609375,212900.0,12.760000228881836,83.43009948730469
2023-12-12,21018.55078125,21037.900390625,20867.150390625,20906.400390625,244900.0,12.710000038146973,83.34349822998047
2023-12-13,20929.75,20950.0,20769.5,20926.349609375,260300.0,12.069999694824219,83.39600372314453
2023-12-14,21110.400390625,21210.900390625,21074.44921875,21182.69921875,334400.0,12.319999694824219,83.2853012084961
2023-12-15,21287.44921875,21492.30078125,21235.30078125,21456.650390625,508800.0,13.130000114440918,83.29660034179688
2023-12-18,21434.80078125,21482.80078125,21365.349609375,21418.650390625,249700.0,13.899999618530273,83.04170227050781
2023-12-19,21477.650390625,21505.05078125,21337.75,21453.099609375,249800.0,13.869999885559082,83.11119842529297
2023-12-20,21543.5,21593.0,21087.349609375,21150.150390625,363900.0,14.449999809265137,83.09159851074219
2023-12-21,21033.94921875,21288.349609375,20976.80078125,21255.05078125,277500.0,13.760000228881836,83.26719665527344
2023-12-22,21295.849609375,21390.5,21232.44921875,21349.400390625,284700.0,13.710000038146973,83.13159942626953
2023-12-25,21295.849609375,21390.5,21232.44921875,21349.400390625,284700.0,13.710000038146973,83.16500091552734
2023-12-26,21365.19921875,21477.150390625,21329.44921875,21441.349609375,219500.0,14.680000305175781,83.17230224609375
2023-12-27,21497.650390625,21675.75,21495.80078125,21654.75,256500.0,15.5600004196167,83.18280029296875
2023-12-28,21715.0,21801.44921875,21678.0,21778.69921875,393100.0,15.140000343322754,83.26719665527344
2023-12-29,21737.650390625,21770.30078125,21676.900390625,21731.400390625,270900.0,14.5,82.302001953125
2024-01-01,21727.75,21834.349609375,21680.849609375,21741.900390625,154000.0,14.5,83.24859619140625
2024-01-02,21751.349609375,21755.599609375,21555.650390625,21665.80078125,263700.0,14.579999923706055,83.20259857177734
2024-01-03,21661.099609375,21677.0,21500.349609375,21517.349609375,311900.0,14.100000381469727,83.25700378417969
2024-01-04,21605.80078125,21685.650390625,21564.55078125,21658.599609375,339200.0,13.329999923706055,83.31809997558594
2024-01-05,21705.75,21749.599609375,21629.19921875,21710.80078125,309300.0,12.630000114440918,83.2406005859375
2024-01-08,21747.599609375,21763.94921875,21492.900390625,21513.0,231500.0,13.460000038146973,83.19110107421875
2024-01-09,21653.599609375,21724.44921875,21517.849609375,21544.849609375,228600.0,13.260000228881836,83.05069732666016
2024-01-10,21529.30078125,21641.849609375,21448.650390625,21618.69921875,217000.0,12.970000267028809,83.131103515625
2024-01-11,21688.0,21726.5,21593.75,21647.19921875,212500.0,12.770000457763672,83.02559661865234
2024-01-12,21773.55078125,21928.25,21715.150390625,21894.55078125,294700.0,13.100000381469727,83.07610321044922
2024-01-15,22053.150390625,22115.55078125,21963.55078125,22097.44921875,345500.0,13.789999961853027,82.87210083007812
2024-01-16,22080.5,22124.150390625,21969.80078125,22032.30078125,292400.0,13.569999694824219,82.8593978881836
2024-01-17,21647.25,21851.5,21550.44921875,21571.94921875,456000.0,15.079999923706055,83.08899688720703
2024-01-18,21414.19921875,21539.400390625,21285.55078125,21462.25,387300.0,14.069999694824219,83.17759704589844
2024-01-19,21615.19921875,21670.599609375,21575.0,21622.400390625,343100.0,13.880000114440918,83.16059875488281
2024-01-22,21615.19921875,21670.599609375,21575.0,21622.400390625,343100.0,13.880000114440918,83.12470245361328
2024-01-23,21716.69921875,21750.25,21192.599609375,21238.80078125,449700.0,14.850000381469727,83.09510040283203
2024-01-24,21185.25,21482.349609375,21137.19921875,21453.94921875,407500.0,14.380000114440918,83.22139739990234
2024-01-25,21454.599609375,21459.0,21247.05078125,21352.599609375,418100.0,13.869999885559082,83.09760284423828
2024-01-26,21454.599609375,21459.0,21247.05078125,21352.599609375,418100.0,13.869999885559082,83.14610290527344
2024-01-29,21433.099609375,21763.25,21429.599609375,21737.599609375,376700.0,15.680000305175781,83.12129974365234
2024-01-30,21775.75,21813.05078125,21501.80078125,21522.099609375,375100.0,16.100000381469727,83.1530990600586
2024-01-31,21487.25,21741.349609375,21448.849609375,21725.69921875,410600.0,16.049999237060547,83.10970306396484
2024-02-01,21780.650390625,21832.94921875,21658.75,21697.44921875,332500.0,14.460000038146973,83.05359649658203
2024-02-02,21812.75,22126.80078125,21805.55078125,21853.80078125,442800.0,14.699999809265137,82.92759704589844
2024-02-05,21921.05078125,21964.30078125,21726.94921875,21771.69921875,440800.0,15.619999885559082,82.99929809570312
2024-02-06,21825.19921875,21951.400390625,21737.55078125,21929.400390625,371000.0,15.789999961853027,83.10369873046875
2024-02-07,22045.05078125,22053.30078125,21860.150390625,21930.5,346300.0,15.510000228881836,83.07060241699219
2024-02-08,22009.650390625,22011.05078125,21665.30078125,21717.94921875,491100.0,15.829999923706055,83.01260375976562
2024-02-09,21727.0,21804.44921875,21629.900390625,21782.5,349200.0,15.449999809265137,82.98529815673828
2024-02-12,21800.80078125,21831.69921875,21574.75,21616.05078125,287400.0,16.059999465942383,83.0145034790039
2024-02-13,21664.30078125,21766.80078125,21543.349609375,21743.25,365800.0,15.8100004196167,82.99019622802734
2024-02-14,21578.150390625,21870.849609375,21530.19921875,21840.05078125,359100.0,15.4399995803833,83.07460021972656
2024-02-15,21906.55078125,21953.849609375,21794.80078125,21910.75,345400.0,15.229999542236328,83.04309844970703
2024-02-16,22020.30078125,22068.650390625,21968.94921875,22040.69921875,343900.0,15.220000267028809,83.00959777832031
2024-02-19,22103.44921875,22186.650390625,22021.05078125,22122.25,0.0,15.220000267028809,83.01599884033203
2024-02-20,22099.19921875,22215.599609375,22045.849609375,22196.94921875,295700.0,16.06999969482422,83.02100372314453
2024-02-21,22248.849609375,22249.400390625,21997.94921875,22055.05078125,364500.0,15.930000305175781,82.8291015625
2024-02-22,22081.55078125,22252.5,21875.25,22217.44921875,343500.0,15.199999809265137,82.93840026855469
2024-02-23,22290.0,22297.5,22186.099609375,22212.69921875,226000.0,14.970000267028809,82.87229919433594
2024-02-26,22169.19921875,22202.150390625,22075.150390625,22122.05078125,207800.0,15.600000381469727,82.88179779052734
2024-02-27,22090.19921875,22218.25,22085.650390625,22198.349609375,252200.0,15.729999542236328,82.85199737548828
2024-02-28,22214.099609375,22229.150390625,21915.849609375,21951.150390625,203000.0,16.329999923706055,82.94819641113281
2024-02-29,21935.19921875,22060.55078125,21860.650390625,21982.80078125,360200.0,15.569999694824219,82.91190338134766
2024-03-01,22048.30078125,22353.30078125,22047.75,22338.75,351500.0,15.239999771118164,82.910400390625
2024-03-04,22403.5,22440.900390625,22358.30078125,22405.599609375,298800.0,14.920000076293945,82.84609985351562
2024-03-05,22371.25,22416.900390625,22269.150390625,22356.30078125,296200.0,14.380000114440918,82.9104995727539
2024-03-06,22327.5,22497.19921875,22224.349609375,22474.05078125,312300.0,14.300000190734863,82.88480377197266
2024-03-07,22505.30078125,22525.650390625,22430.0,22493.55078125,379900.0,13.609999656677246,82.81909942626953
2024-03-08,22505.30078125,22525.650390625,22430.0,22493.55078125,379900.0,13.609999656677246,82.7522964477539
2024-03-11,22517.5,22526.599609375,22307.25,22332.650390625,277900.0,14.0,82.7520980834961
2024-03-12,22334.44921875,22452.55078125,22256.0,22335.69921875,299200.0,13.640000343322754,82.7782974243164
2024-03-13,22432.19921875,22446.75,21905.650390625,21997.69921875,493300.0,14.430000305175781,82.83509826660156
2024-03-14,21982.55078125,22204.599609375,21917.5,22146.650390625,426700.0,13.619999885559082,82.83110046386719
2024-03-15,22064.849609375,22120.900390625,21931.69921875,22023.349609375,661500.0,13.6899995803833,82.9655990600586
2024-03-18,21990.099609375,22123.69921875,21916.55078125,22055.69921875,356300.0,13.899999618530273,82.88890075683594
2024-03-19,21946.44921875,21978.30078125,21793.099609375,21817.44921875,344200.0,14.109999656677246,82.86360168457031
2024-03-20,21843.900390625,21930.900390625,21710.19921875,21839.099609375,312400.0,13.470000267028809,83.04239654541016
2024-03-21,21989.900390625,22080.94921875,21941.30078125,22011.94921875,353200.0,12.510000228881836,83.05460357666016
2024-03-22,21932.19921875,22180.69921875,21883.30078125,22096.75,388700.0,12.220000267028809,83.22660064697266
2024-03-25,21932.19921875,22180.69921875,21883.30078125,22096.75,388700.0,12.220000267028809,83.59359741210938
2024-03-26,21947.900390625,22073.19921875,21947.55078125,22004.69921875,328400.0,12.819999694824219,83.41739654541016
2024-03-27,22053.94921875,22193.599609375,22052.849609375,22123.650390625,409100.0,12.699999809265137,83.34549713134766
2024-03-28,22163.599609375,22516.0,22163.599609375,22326.900390625,410500.0,12.829999923706055,83.36499786376953
2024-03-29,22163.599609375,22516.0,22163.599609375,22326.900390625,410500.0,12.829999923706055,83.39299774169922
2024-04-01,22455.0,22529.94921875,22427.75,22462.0,0.0,12.079999923706055,83.36479949951172
2024-04-02,22458.80078125,22497.599609375,22388.150390625,22453.30078125,289500.0,11.649999618530273,83.40969848632812
2024-04-03,22385.69921875,22521.099609375,22346.5,22434.650390625,309600.0,11.369999885559082,83.35030364990234
2024-04-04,22592.099609375,22619.0,22303.80078125,22514.650390625,401000.0,11.220000267028809,83.37329864501953
2024-04-05,22486.400390625,22537.599609375,22427.599609375,22513.69921875,242200.0,11.34000015258789,83.47779846191406
2024-04-08,22578.349609375,22697.30078125,22550.349609375,22666.30078125,227600.0,11.609999656677246,83.29679870605469
2024-04-09,22765.099609375,22768.400390625,22612.25,22642.75,232400.0,11.359999656677246,83.26959991455078
2024-04-10,22720.25,22775.69921875,22673.69921875,22753.80078125,276800.0,11.109999656677246,83.22429656982422
2024-04-11,22720.25,22775.69921875,22673.69921875,22753.80078125,276800.0,11.109999656677246,83.4126968383789
2024-04-12,22677.400390625,22726.44921875,22503.75,22519.400390625,357200.0,11.529999732971191,83.34929656982422
2024-04-15,22339.05078125,22427.44921875,22259.55078125,22272.5,355500.0,12.470000267028809,83.61109924316406
2024-04-16,22125.30078125,22213.75,22079.44921875,22147.900390625,317300.0,12.619999885559082,83.50599670410156
2024-04-17,22125.30078125,22213.75,22079.44921875,22147.900390625,317300.0,12.619999885559082,83.6675033569336
2024-04-18,22212.349609375,22326.5,21961.69921875,21995.849609375,456900.0,13.039999961853027,83.5958023071289
2024-04-19,21861.5,22179.55078125,21777.650390625,22147.0,362500.0,13.460000038146973,83.54499816894531
2024-04-22,22336.900390625,22375.650390625,22198.150390625,22336.400390625,279300.0,12.699999809265137,83.38529968261719
2024-04-23,22447.05078125,22447.55078125,22349.44921875,22368.0,231500.0,10.199999809265137,83.38619995117188
2024-04-24,22421.55078125,22476.44921875,22384.0,22402.400390625,235900.0,10.279999732971191,83.2833023071289
2024-04-25,22316.900390625,22625.94921875,22305.25,22570.349609375,475000.0,10.729999542236328,83.3405990600586
2024-04-26,22620.400390625,22620.400390625,22385.55078125,22419.94921875,329900.0,10.930000305175781,83.30180358886719
2024-04-29,22475.55078125,22655.80078125,22441.900390625,22643.400390625,292000.0,12.239999771118164,83.40229797363281
2024-04-30,22679.650390625,22783.349609375,22568.400390625,22604.849609375,361900.0,12.869999885559082,83.45110321044922
2024-05-01,22679.650390625,22783.349609375,22568.400390625,22604.849609375,361900.0,12.869999885559082,83.49839782714844
2024-05-02,22567.849609375,22710.5,22567.849609375,22648.19921875,445900.0,13.449999809265137,83.40640258789062
2024-05-03,22766.349609375,22794.69921875,22348.05078125,22475.849609375,438100.0,14.619999885559082,83.40630340576172
2024-05-06,22561.599609375,22588.80078125,22409.44921875,22442.69921875,320300.0,16.600000381469727,83.37999725341797
2024-05-07,22489.75,22499.05078125,22232.05078125,22302.5,297800.0,17.010000228881836,83.4728012084961
2024-05-08,22231.19921875,22368.650390625,22185.19921875,22302.5,277400.0,17.079999923706055,83.46990203857422
2024-05-09,22224.80078125,22307.75,21932.400390625,21957.5,331300.0,18.200000762939453,83.46430206298828
2024-05-10,21990.94921875,22131.30078125,21950.30078125,22055.19921875,265800.0,18.469999313354492,83.45939636230469
2024-05-13,22027.94921875,22131.650390625,21821.05078125,22104.05078125,278200.0,20.600000381469727,83.5248031616211
2024-05-14,22112.900390625,22270.05078125,22081.25,22217.849609375,230200.0,20.200000762939453,83.50550079345703
2024-05-15,22255.599609375,22297.55078125,22151.75,22200.55078125,231900.0,20.270000457763672,83.52420043945312
2024-05-16,22319.19921875,22432.25,22054.55078125,22403.849609375,368900.0,20.0,83.40509796142578
2024-05-17,22415.25,22502.150390625,22345.650390625,22466.099609375,242700.0,19.799999237060547,83.47010040283203
2024-05-20,22415.25,22502.150390625,22345.650390625,22466.099609375,242700.0,19.799999237060547,83.30039978027344
2024-05-21,22404.55078125,22591.099609375,22404.55078125,22529.05078125,347600.0,21.809999465942383,83.31500244140625
2024-05-22,22576.599609375,22629.5,22483.150390625,22597.80078125,290300.0,21.469999313354492,83.31680297851562
2024-05-23,22614.099609375,22993.599609375,22577.44921875,22967.650390625,369800.0,21.3799991607666,83.26709747314453
2024-05-24,22930.75,23026.400390625,22908.0,22957.099609375,261900.0,21.709999084472656,83.2863998413086
2024-05-27,23038.94921875,23110.80078125,22871.19921875,22932.44921875,260000.0,23.190000534057617,83.05220031738281
2024-05-28,22977.150390625,22998.55078125,22858.5,22888.150390625,217900.0,24.200000762939453,83.14569854736328
2024-05-29,22762.75,22825.5,22685.44921875,22704.69921875,269900.0,24.18000030517578,83.20649719238281
2024-05-30,22617.44921875,22705.75,22417.0,22488.650390625,373400.0,24.18000030517578,83.3656005859375
2024-05-31,22568.099609375,22653.75,22465.099609375,22530.69921875,572100.0,24.600000381469727,83.3208999633789
2024-06-03,23337.900390625,23338.69921875,23062.30078125,23263.900390625,569400.0,20.940000534057617,83.45079803466797
2024-06-04,23179.5,23179.5,21281.44921875,21884.5,1006100.0,26.75,83.09339904785156
2024-06-05,22128.349609375,22670.400390625,21791.94921875,22620.349609375,638500.0,18.889999389648438,83.62940216064453
2024-06-06,22798.599609375,22910.150390625,22642.599609375,22821.400390625,480400.0,16.799999237060547,83.38079833984375
2024-06-07,22821.849609375,23320.19921875,22789.05078125,23290.150390625,473600.0,16.8799991607666,83.47309875488281
2024-06-10,23319.150390625,23411.900390625,23227.150390625,23259.19921875,304400.0,16.399999618530273,83.52760314941406
2024-06-11,23283.75,23389.44921875,23206.650390625,23264.849609375,305200.0,14.770000457763672,83.52980041503906
2024-06-12,23344.44921875,23441.94921875,23295.94921875,23322.94921875,295600.0,14.390000343322754,83.5968017578125
2024-06-13,23480.94921875,23481.05078125,23353.900390625,23398.900390625,268300.0,13.489999771118164,83.5343017578125
2024-06-14,23464.94921875,23490.400390625,23334.25,23465.599609375,223100.0,12.819999694824219,83.52210235595703
2024-06-17,23464.94921875,23490.400390625,23334.25,23465.599609375,223100.0,12.819999694824219,83.55180358886719
2024-06-18,23570.80078125,23579.05078125,23499.69921875,23557.900390625,272200.0,12.970000267028809,83.51010131835938
2024-06-19,23629.849609375,23664.0,23412.900390625,23516.0,328800.0,13.710000038146973,83.37409973144531
2024-06-20,23586.150390625,23624.0,23442.599609375,23567.0,280300.0,13.350000381469727,83.41950225830078
2024-06-21,23661.150390625,23667.099609375,23398.19921875,23501.099609375,609900.0,13.180000305175781,83.60160064697266
2024-06-24,23382.30078125,23558.099609375,23350.0,23537.849609375,239400.0,14.0600004196167,83.5625
2024-06-25,23577.099609375,23754.150390625,23562.05078125,23721.30078125,298100.0,14.3100004196167,83.46040344238281
2024-06-26,23723.099609375,23889.900390625,23670.44921875,23868.80078125,287800.0,14.050000190734863,83.41459655761719
2024-06-27,23881.55078125,24087.44921875,23805.400390625,24044.5,515200.0,14.149999618530273,83.58039855957031
2024-06-28,24085.900390625,24174.0,23985.80078125,24010.599609375,354800.0,13.800000190734863,83.45089721679688
2024-07-01,23992.94921875,24164.0,23992.69921875,24141.94921875,0.0,13.829999923706055,83.36750030517578
2024-07-02,24228.75,24236.349609375,24056.400390625,24123.849609375,0.0,13.640000343322754,83.44129943847656
2024-07-03,24291.75,24309.150390625,24207.099609375,24286.5,0.0,13.210000038146973,83.4791030883789
2024-07-04,24369.94921875,24401.0,24281.0,24302.150390625,251200.0,12.859999656677246,83.49120330810547
2024-07-05,24213.349609375,24363.0,24168.849609375,24323.849609375,298400.0,12.699999809265137,83.49340057373047
2024-07-08,24329.44921875,24344.599609375,24240.55078125,24320.55078125,266300.0,13.600000381469727,83.47209930419922
2024-07-09,24351.0,24443.599609375,24331.900390625,24433.19921875,250500.0,14.279999732971191,83.45760345458984
2024-07-10,24459.849609375,24461.05078125,24141.80078125,24324.44921875,292300.0,14.430000305175781,83.49299621582031
2024-07-11,24396.55078125,24402.650390625,24193.75,24315.94921875,306400.0,14.0,83.49590301513672
2024-07-12,24387.94921875,24592.19921875,24331.150390625,24502.150390625,325800.0,13.729999542236328,83.51850128173828
2024-07-15,24587.599609375,24635.05078125,24522.75,24586.69921875,305400.0,14.1899995803833,83.52030181884766
2024-07-16,24615.900390625,24661.25,24587.650390625,24613.0,283200.0,14.220000267028809,83.58760070800781
2024-07-17,24615.900390625,24661.25,24587.650390625,24613.0,283200.0,14.220000267028809,83.52960205078125
2024-07-18,24543.80078125,24837.75,24504.44921875,24800.849609375,350900.0,14.510000228881836,83.57209777832031
2024-07-19,24853.80078125,24854.80078125,24508.150390625,24530.900390625,343800.0,14.829999923706055,83.67430114746094
2024-07-22,24445.75,24595.19921875,24362.30078125,24509.25,324200.0,15.4399995803833,83.73030090332031
2024-07-23,24568.900390625,24582.55078125,24074.19921875,24479.05078125,436400.0,12.75,83.67130279541016
2024-07-24,24444.94921875,24504.25,24307.25,24413.5,366600.0,11.760000228881836,83.70680236816406
2024-07-25,24230.94921875,24426.150390625,24210.80078125,24406.099609375,391800.0,12.619999885559082,83.74299621582031
2024-07-26,24423.349609375,24861.150390625,24410.900390625,24834.849609375,383800.0,12.25,83.73760223388672
2024-07-29,24943.30078125,24999.75,24774.599609375,24836.099609375,355000.0,12.949999809265137,83.72779846191406
2024-07-30,24839.400390625,24971.75,24798.650390625,24857.30078125,385000.0,12.880000114440918,83.75050354003906
2024-07-31,24886.69921875,24984.599609375,24856.5,24951.150390625,333600.0,13.25,83.73899841308594
2024-08-01,25030.94921875,25078.30078125,24956.400390625,25010.900390625,431300.0,12.930000305175781,83.7177963256836
2024-08-02,24789.0,24851.900390625,24686.849609375,24717.69921875,345000.0,14.319999694824219,83.743896484375
2024-08-05,24302.849609375,24350.05078125,23893.69921875,24055.599609375,487000.0,20.3700008392334,83.73529815673828
2024-08-06,24189.849609375,24382.599609375,23960.400390625,23992.55078125,312300.0,18.739999771118164,84.00260162353516
2024-08-07,24289.400390625,24337.69921875,24184.900390625,24297.5,317600.0,16.170000076293945,83.93489837646484
2024-08-08,24248.55078125,24340.5,24079.69921875,24117.0,311900.0,16.600000381469727,83.94239807128906
2024-08-09,24386.849609375,24419.75,24311.19921875,24367.5,215100.0,15.34000015258789,83.98899841308594
2024-08-12,24320.05078125,24472.80078125,24212.099609375,24347.0,279900.0,15.869999885559082,83.94979858398438
2024-08-13,24342.349609375,24359.94921875,24116.5,24139.0,239700.0,16.170000076293945,83.88999938964844
2024-08-14,24184.400390625,24196.5,24099.69921875,24143.75,303300.0,15.4399995803833,83.88200378417969
2024-08-15,24184.400390625,24196.5,24099.69921875,24143.75,303300.0,15.4399995803833,83.97149658203125
2024-08-16,24334.849609375,24563.900390625,24204.5,24541.150390625,271600.0,14.399999618530273,83.94830322265625
2024-08-19,24636.349609375,24638.80078125,24522.94921875,24572.650390625,243600.0,14.319999694824219,83.88980102539062
2024-08-20,24648.900390625,24734.30078125,24607.19921875,24698.849609375,238300.0,13.819999694824219,83.87860107421875
2024-08-21,24680.55078125,24787.94921875,24654.5,24770.19921875,257100.0,13.329999923706055,83.77940368652344
2024-08-22,24863.400390625,24867.349609375,24784.44921875,24811.5,220300.0,13.0,83.88860321044922
2024-08-23,24845.400390625,24858.400390625,24771.650390625,24823.150390625,206800.0,13.550000190734863,83.94059753417969
2024-08-26,24906.099609375,25043.80078125,24874.69921875,25010.599609375,210300.0,13.800000190734863,83.81379699707031
2024-08-27,25024.80078125,25073.099609375,24973.650390625,25017.75,223300.0,13.630000114440918,83.88369750976562
2024-08-28,25030.80078125,25129.599609375,24964.650390625,25052.349609375,220400.0,13.949999809265137,83.92160034179688
2024-08-29,25035.30078125,25192.900390625,24998.5,25151.94921875,354000.0,13.789999961853027,83.94149780273438
2024-08-30,25249.69921875,25268.349609375,25199.400390625,25235.900390625,638200.0,13.390000343322754,83.89510345458984
2024-09-02,25333.599609375,25333.650390625,25235.5,25278.69921875,222800.0,14.0600004196167,83.86380004882812
2024-09-03,25313.400390625,25321.69921875,25235.80078125,25279.849609375,212100.0,13.84000015258789,83.92729949951172
2024-09-04,25089.94921875,25216.0,25083.80078125,25198.69921875,253800.0,14.380000114440918,83.95030212402344
2024-09-05,25250.5,25275.44921875,25127.75,25145.099609375,222200.0,14.210000038146973,83.98249816894531
2024-09-06,25093.69921875,25168.75,24801.30078125,24852.150390625,311700.0,15.220000267028809,83.98359680175781
2024-09-09,24823.400390625,24957.5,24753.150390625,24936.400390625,254400.0,14.239999771118164,83.98259735107422
2024-09-10,24999.400390625,25130.5,24896.80078125,25041.099609375,251300.0,13.359999656677246,83.98090362548828
2024-09-11,25034.0,25113.69921875,24885.150390625,24918.44921875,279200.0,13.630000114440918,83.98200225830078
2024-09-12,25059.650390625,25433.349609375,24941.44921875,25388.900390625,380100.0,13.180000305175781,83.99259948730469
2024-09-13,25430.44921875,25430.5,25292.44921875,25356.5,250800.0,12.550000190734863,83.93479919433594
2024-09-16,25406.650390625,25445.69921875,25336.19921875,25383.75,168700.0,12.460000038146973,83.88480377197266
2024-09-17,25416.900390625,25441.650390625,25352.25,25418.55078125,216000.0,12.59000015258789,83.88400268554688
2024-09-18,25402.400390625,25482.19921875,25285.55078125,25377.55078125,215700.0,13.369999885559082,83.77059936523438
2024-09-19,25487.05078125,25611.94921875,25376.05078125,25415.80078125,314500.0,12.470000267028809,83.69170379638672
2024-09-20,25525.94921875,25849.25,25426.599609375,25790.94921875,533100.0,12.789999961853027,83.61470031738281
2024-09-23,25872.55078125,25956.0,25847.349609375,25939.05078125,209200.0,13.789999961853027,83.48709869384766
2024-09-24,25921.44921875,26011.55078125,25886.849609375,25940.400390625,384100.0,13.390000343322754,83.55960083007812
2024-09-25,25899.44921875,26032.80078125,25871.349609375,26004.150390625,278500.0,12.739999771118164,83.56759643554688
2024-09-26,26005.400390625,26250.900390625,25998.400390625,26216.05078125,370900.0,12.0,83.62409973144531
2024-09-27,26248.25,26277.349609375,26151.400390625,26178.94921875,490300.0,11.960000038146973,83.61710357666016
2024-09-30,26061.30078125,26134.69921875,25794.099609375,25810.849609375,343100.0,12.789999961853027,83.71640014648438
2024-10-01,25788.44921875,25907.599609375,25739.19921875,25796.900390625,247400.0,11.989999771118164,83.82730102539062
2024-10-02,25788.44921875,25907.599609375,25739.19921875,25796.900390625,247400.0,11.989999771118164,83.87210083007812
2024-10-03,25452.849609375,25639.44921875,25230.30078125,25250.099609375,423400.0,13.170000076293945,83.91960144042969
2024-10-04,25181.900390625,25485.05078125,24966.80078125,25014.599609375,374900.0,14.130000114440918,84.0093994140625
2024-10-07,25084.099609375,25143.0,24694.349609375,24795.75,374300.0,15.079999923706055,84.02780151367188
2024-10-08,24832.19921875,25044.0,24756.80078125,25013.150390625,333200.0,14.59000015258789,83.96410369873047
2024-10-09,25065.80078125,25234.05078125,24947.69921875,24981.94921875,290600.0,14.119999885559082,83.91459655761719
2024-10-10,25067.05078125,25134.05078125,24979.400390625,24998.44921875,261400.0,13.5,83.94219970703125
2024-10-11,24985.30078125,25028.650390625,24920.05078125,24964.25,210500.0,13.220000267028809,83.94599914550781
2024-10-14,25023.44921875,25159.75,25017.5,25127.94921875,206400.0,13.0,84.16829681396484
2024-10-15,25186.30078125,25212.05078125,25008.150390625,25057.349609375,257200.0,13.0,84.04850006103516
2024-10-16,25008.55078125,25093.400390625,24908.44921875,24971.30078125,226800.0,13.050000190734863,84.05619812011719
2024-10-17,25027.400390625,25029.5,24728.900390625,24749.849609375,252800.0,13.390000343322754,84.03929901123047
2024-10-18,24664.94921875,24886.19921875,24567.650390625,24854.05078125,290900.0,13.039999961853027,84.05380249023438
2024-10-21,24956.150390625,24978.30078125,24679.599609375,24781.099609375,242000.0,13.760000228881836,84.0687026977539
2024-10-22,24798.650390625,24882.0,24445.80078125,24472.099609375,279500.0,14.399999618530273,84.07350158691406
2024-10-23,24378.150390625,24604.25,24378.099609375,24435.5,284600.0,14.619999885559082,84.08399963378906
2024-10-24,24412.69921875,24480.650390625,24341.19921875,24399.400390625,216700.0,13.970000267028809,84.06759643554688
2024-10-25,24418.05078125,24440.25,24073.900390625,24180.80078125,372600.0,14.630000114440918,84.08180236816406
2024-10-28,24251.099609375,24492.599609375,24134.900390625,24339.150390625,278600.0,14.289999961853027,84.10199737548828
2024-10-29,24328.849609375,24484.5,24140.849609375,24466.849609375,332000.0,14.520000457763672,84.10279846191406
2024-10-30,24371.44921875,24498.19921875,24307.30078125,24340.849609375,285200.0,15.510000228881836,84.08930206298828
2024-10-31,24349.849609375,24372.44921875,24172.599609375,24205.349609375,287000.0,15.550000190734863,84.08910369873047
2024-11-01,24302.75,24368.25,24280.19921875,24304.349609375,38800.0,15.899999618530273,84.09149932861328
2024-11-04,24315.75,24316.75,23816.150390625,23995.349609375,285500.0,16.690000534057617,84.13359832763672
2024-11-05,23916.5,24229.05078125,23842.75,24213.30078125,289500.0,16.1200008392334,84.15249633789062
2024-11-06,24308.75,24537.599609375,24204.05078125,24484.05078125,351100.0,14.869999885559082,84.11630249023438
2024-11-07,24489.599609375,24503.349609375,24179.05078125,24199.349609375,322200.0,14.9399995803833,84.2511978149414
2024-11-08,24207.69921875,24276.150390625,24066.650390625,24148.19921875,298700.0,14.470000267028809,84.306396484375
2024-11-11,24087.25,24336.80078125,24004.599609375,24141.30078125,273400.0,14.270000457763672,84.38289642333984
2024-11-12,24225.80078125,24242.0,23839.150390625,23883.44921875,255800.0,14.59000015258789,84.39649963378906
2024-11-13,23822.44921875,23873.599609375,23509.599609375,23559.05078125,304600.0,15.4399995803833,84.39530181884766
2024-11-14,23542.150390625,23675.900390625,23484.150390625,23532.69921875,257700.0,14.779999732971191,84.4229965209961
2024-11-15,23542.150390625,23675.900390625,23484.150390625,23532.69921875,257700.0,14.779999732971191,84.47380065917969
2024-11-18,23605.30078125,23606.80078125,23350.400390625,23453.80078125,263300.0,15.170000076293945,84.47750091552734
2024-11-19,23529.55078125,23780.650390625,23464.80078125,23518.5,297500.0,15.65999984741211,84.39849853515625
2024-11-20,23529.55078125,23780.650390625,23464.80078125,23518.5,297500.0,15.65999984741211,84.39759826660156
2024-11-21,23488.44921875,23507.30078125,23263.150390625,23349.900390625,420300.0,15.989999771118164,84.38310241699219
2024-11-22,23411.80078125,23956.099609375,23359.0,23907.25,367600.0,16.100000381469727,84.48829650878906
2024-11-25,24253.55078125,24351.55078125,24135.44921875,24221.900390625,687200.0,15.300000190734863,84.43599700927734
2024-11-26,24343.30078125,24343.30078125,24125.400390625,24194.5,230700.0,15.3100004196167,84.37750244140625
2024-11-27,24204.80078125,24354.55078125,24145.650390625,24274.900390625,295000.0,14.630000114440918,84.33910369873047
2024-11-28,24274.150390625,24345.75,23873.349609375,23914.150390625,366700.0,15.210000038146973,84.42030334472656
2024-11-29,23927.150390625,24188.44921875,23927.150390625,24131.099609375,282100.0,14.430000305175781,84.47160339355469
2024-12-02,24140.849609375,24301.69921875,24008.650390625,24276.05078125,220400.0,14.699999809265137,84.55699920654297
2024-12-03,24367.5,24481.349609375,24280.0,24457.150390625,339500.0,14.369999885559082,84.73709869384766
2024-12-04,24488.75,24573.19921875,24366.30078125,24467.44921875,348000.0,14.449999809265137,84.68309783935547
2024-12-05,24539.150390625,24857.75,24295.55078125,24708.400390625,361500.0,14.529999732971191,84.70700073242188
2024-12-06,24729.44921875,24751.05078125,24620.5,24677.80078125,226700.0,14.140000343322754,84.68379974365234
2024-12-09,24633.900390625,24705.0,24580.05078125,24619.0,248100.0,14.109999656677246,84.66600036621094
2024-12-10,24652.650390625,24677.80078125,24510.650390625,24610.05078125,261000.0,13.779999732971191,84.84729766845703
2024-12-11,24620.5,24691.75,24583.849609375,24641.80078125,187300.0,13.270000457763672,84.8740005493164
2024-12-12,24604.44921875,24675.25,24527.94921875,24548.69921875,266100.0,13.1899995803833,84.85710144042969
2024-12-13,24498.349609375,24792.30078125,24180.80078125,24768.30078125,310100.0,13.050000190734863,84.83920288085938
2024-12-16,24753.400390625,24781.25,24601.75,24668.25,187600.0,14.020000457763672,84.802001953125
2024-12-17,24584.80078125,24624.099609375,24303.44921875,24336.0,264900.0,14.489999771118164,84.91729736328125
2024-12-18,24297.94921875,24394.44921875,24149.849609375,24198.849609375,235300.0,14.369999885559082,84.91539764404297
2024-12-19,23877.150390625,24004.900390625,23870.30078125,23951.69921875,271100.0,14.510000228881836,85.16549682617188
2024-12-20,23960.69921875,24065.80078125,23537.349609375,23587.5,442700.0,15.069999694824219,85.27940368652344
2024-12-23,23738.19921875,23869.55078125,23647.19921875,23753.44921875,189800.0,13.520000457763672,84.94499969482422
2024-12-24,23769.099609375,23867.650390625,23685.150390625,23727.650390625,177700.0,13.180000305175781,85.0988998413086
2024-12-25,23769.099609375,23867.650390625,23685.150390625,23727.650390625,177700.0,13.180000305175781,85.18150329589844
2024-12-26,23775.80078125,23854.5,23653.599609375,23750.19921875,177700.0,14.039999961853027,85.41339874267578
2024-12-27,23801.400390625,23938.849609375,23800.599609375,23813.400390625,176800.0,13.239999771118164,85.26090240478516
2024-12-30,23796.900390625,23915.349609375,23599.30078125,23644.900390625,364900.0,13.970000267028809,85.38600158691406
2024-12-31,23560.599609375,23689.849609375,23460.44921875,23644.80078125,193600.0,14.449999809265137,85.7865982055664
2025-01-01,23637.650390625,23822.80078125,23562.80078125,23742.900390625,154900.0,14.449999809265137,85.7865982055664
2025-01-02,23783.0,24226.69921875,23751.55078125,24188.650390625,283200.0,13.739999771118164,85.78569793701172
2025-01-03,24196.400390625,24196.44921875,23976.0,24004.75,312300.0,13.539999961853027,85.80400085449219
2025-01-06,24045.80078125,24089.94921875,23551.900390625,23616.05078125,278100.0,15.649999618530273,85.75900268554688
2025-01-07,23679.900390625,23795.19921875,23637.80078125,23707.900390625,262300.0,14.65999984741211,85.68070220947266
2025-01-08,23746.650390625,23751.849609375,23496.150390625,23688.94921875,266400.0,14.470000267028809,85.80650329589844
2025-01-09,23674.75,23689.5,23503.05078125,23526.5,269200.0,14.65999984741211,85.90750122070312
2025-01-10,23551.900390625,23596.599609375,23344.349609375,23431.5,261000.0,14.920000076293945,85.91999816894531
2025-01-13,23195.400390625,23340.94921875,23047.25,23085.94921875,316500.0,16.0,86.18800354003906
2025-01-14,23165.900390625,23264.94921875,23134.150390625,23176.05078125,311200.0,15.470000267028809,86.65059661865234
2025-01-15,23250.44921875,23293.650390625,23146.44921875,23213.19921875,228000.0,15.260000228881836,86.535400390625
2025-01-16,23377.25,23391.650390625,23272.05078125,23311.80078125,299400.0,15.470000267028809,86.43099975585938
2025-01-17,23277.099609375,23292.099609375,23100.349609375,23203.19921875,272900.0,15.75,86.6061019897461
2025-01-20,23290.400390625,23391.099609375,23170.650390625,23344.75,301500.0,16.420000076293945,86.56900024414062
2025-01-21,23421.650390625,23426.30078125,22976.849609375,23024.650390625,312900.0,17.059999465942383,86.21109771728516
2025-01-22,23099.150390625,23169.55078125,22981.30078125,23155.349609375,276000.0,16.770000457763672,86.45189666748047
2025-01-23,23128.30078125,23270.80078125,23090.650390625,23205.349609375,275600.0,16.700000762939453,86.47270202636719
2025-01-24,23183.900390625,23347.30078125,23050.0,23092.19921875,264300.0,16.75,86.44020080566406
2025-01-27,22940.150390625,23007.44921875,22786.900390625,22829.150390625,257400.0,18.1299991607666,86.2030029296875
2025-01-28,22960.44921875,23137.94921875,22857.650390625,22957.25,361900.0,18.200000762939453,86.46839904785156
2025-01-29,23026.75,23183.349609375,22976.5,23163.099609375,226300.0,18.639999389648438,86.58460235595703
2025-01-30,23169.5,23322.05078125,23139.19921875,23249.5,361900.0,17.389999389648438,86.6406021118164
2025-01-31,23296.75,23546.80078125,23277.400390625,23508.400390625,304900.0,16.25,86.64700317382812
2025-02-01,23528.599609375,23632.44921875,23318.30078125,23482.150390625,281000.0,16.25,86.64700317382812
2025-02-03,23319.349609375,23381.599609375,23222.0,23361.05078125,329700.0,14.350000381469727,86.55400085449219
2025-02-04,23509.900390625,23762.75,23423.150390625,23739.25,376700.0,14.020000457763672,86.94339752197266
2025-02-05,23801.75,23807.30078125,23680.44921875,23696.30078125,267000.0,14.079999923706055,87.13009643554688
2025-02-06,23761.94921875,23773.55078125,23556.25,23603.349609375,307000.0,14.180000305175781,87.33409881591797
2025-02-07,23649.5,23694.5,23443.19921875,23559.94921875,368100.0,13.6899995803833,87.58830261230469
2025-02-10,23543.80078125,23568.599609375,23316.30078125,23381.599609375,234200.0,14.449999809265137,87.51309967041016
2025-02-11,23383.55078125,23390.05078125,22986.650390625,23071.80078125,268000.0,14.869999885559082,87.49009704589844
2025-02-12,23050.80078125,23144.69921875,22798.349609375,23045.25,279700.0,14.899999618530273,86.81120300292969
2025-02-13,23055.75,23235.5,22992.19921875,23031.400390625,265700.0,14.960000038146973,86.8740005493164
2025-02-14,23096.44921875,23133.69921875,22774.849609375,22929.25,254500.0,15.020000457763672,86.75409698486328
2025-02-17,22809.900390625,22974.19921875,22725.44921875,22959.5,207400.0,15.720000267028809,86.43460083007812
2025-02-18,22963.650390625,22992.5,22801.5,22945.30078125,210600.0,15.670000076293945,86.85479736328125
2025-02-19,22847.25,23049.94921875,22814.849609375,22932.900390625,207000.0,15.420000076293945,86.88719940185547
2025-02-20,22821.099609375,22923.849609375,22812.75,22913.150390625,240800.0,14.680000305175781,86.872802734375
2025-02-21,22857.19921875,22921.0,22720.30078125,22795.900390625,242800.0,14.529999732971191,86.45120239257812
2025-02-24,22609.349609375,22668.05078125,22518.80078125,22553.349609375,214300.0,14.4399995803833,86.52940368652344
2025-02-25,22516.44921875,22625.30078125,22513.900390625,22547.55078125,250300.0,13.720000267028809,86.69010162353516
2025-02-26,22516.44921875,22625.30078125,22513.900390625,22547.55078125,250300.0,13.720000267028809,87.0811996459961
2025-02-27,22568.94921875,22613.30078125,22508.400390625,22545.05078125,289200.0,13.3100004196167,87.16220092773438
2025-02-28,22433.400390625,22450.349609375,22104.849609375,22124.69921875,551300.0,13.90999984741211,87.3270034790039
2025-03-03,22194.55078125,22261.55078125,22004.69921875,22119.30078125,282400.0,13.760000228881836,87.46399688720703
2025-03-04,21974.44921875,22105.05078125,21964.599609375,22082.650390625,253300.0,13.829999923706055,87.32959747314453
2025-03-05,22073.05078125,22394.900390625,22067.80078125,22337.30078125,305900.0,13.670000076293945,87.21700286865234
2025-03-06,22476.349609375,22556.44921875,22245.849609375,22544.69921875,372100.0,13.729999542236328,86.88929748535156
2025-03-07,22508.650390625,22633.80078125,22464.75,22552.5,289800.0,13.470000267028809,87.12879943847656
2025-03-10,22521.849609375,22676.75,22429.05078125,22460.30078125,293900.0,13.989999771118164,87.07379913330078
2025-03-11,22345.94921875,22522.099609375,22314.69921875,22497.900390625,347900.0,14.069999694824219,87.3551025390625
2025-03-12,22536.349609375,22577.400390625,22329.55078125,22470.5,369700.0,13.6899995803833,87.20010375976562
2025-03-13,22541.5,22558.05078125,22377.349609375,22397.19921875,287500.0,13.279999732971191,87.3405990600586
2025-03-14,22541.5,22558.05078125,22377.349609375,22397.19921875,287500.0,13.279999732971191,86.9220962524414
2025-03-17,22353.150390625,22577.0,22353.150390625,22508.75,251100.0,13.420000076293945,86.93900299072266
2025-03-18,22662.25,22857.80078125,22599.19921875,22834.30078125,272600.0,13.210000038146973,86.91639709472656
2025-03-19,22874.94921875,22940.69921875,22807.94921875,22907.599609375,324000.0,13.300000190734863,86.57610321044922
2025-03-20,23036.599609375,23216.69921875,22973.94921875,23190.650390625,313700.0,12.600000381469727,86.33709716796875
2025-03-21,23168.25,23402.69921875,23132.80078125,23350.400390625,541000.0,12.579999923706055,86.33609771728516
2025-03-24,23515.400390625,23708.75,23433.5,23658.349609375,311900.0,13.699999809265137,85.98699951171875
2025-03-25,23751.5,23869.599609375,23601.400390625,23668.650390625,338200.0,13.640000343322754,85.53209686279297
2025-03-26,23700.94921875,23736.5,23451.69921875,23486.849609375,278600.0,13.470000267028809,85.59040069580078
2025-03-27,23433.94921875,23646.44921875,23412.19921875,23591.94921875,510300.0,13.300000190734863,86.09539794921875
2025-03-28,23600.400390625,23649.19921875,23450.19921875,23519.349609375,295400.0,12.720000267028809,85.69490051269531
2025-03-31,23600.400390625,23649.19921875,23450.19921875,23519.349609375,295400.0,12.720000267028809,85.53880310058594
2025-04-01,23341.099609375,23565.150390625,23136.400390625,23165.69921875,314300.0,13.779999732971191,85.46810150146484
2025-04-02,23192.599609375,23350.0,23158.44921875,23332.349609375,341000.0,13.720000267028809,85.61009979248047
2025-04-03,23150.30078125,23306.5,23145.80078125,23250.099609375,283200.0,13.600000381469727,85.65119934082031
2025-04-04,23190.400390625,23214.69921875,22857.44921875,22904.44921875,466800.0,13.760000228881836,85.28289794921875
2025-04-07,21758.400390625,22254.0,21743.650390625,22161.599609375,647100.0,22.790000915527344,85.529296875
2025-04-08,22446.75,22697.19921875,22270.849609375,22535.849609375,468300.0,20.440000534057617,86.0270004272461
2025-04-09,22460.30078125,22468.69921875,22353.25,22399.150390625,383800.0,21.43000030517578,86.435302734375
2025-04-10,22460.30078125,22468.69921875,22353.25,22399.150390625,383800.0,21.43000030517578,86.20929718017578
2025-04-11,22695.400390625,22923.900390625,22695.400390625,22828.55078125,402200.0,20.110000610351562,86.2603988647461
2025-04-14,22695.400390625,22923.900390625,22695.400390625,22828.55078125,402200.0,20.110000610351562,86.19300079345703
2025-04-15,23368.349609375,23368.349609375,23207.0,23328.55078125,388300.0,16.1299991607666,86.0447998046875
2025-04-16,23344.099609375,23452.19921875,23273.05078125,23437.19921875,348400.0,15.869999885559082,85.72669982910156
2025-04-17,23401.849609375,23872.349609375,23298.55078125,23851.650390625,505300.0,15.470000267028809,85.62049865722656
2025-04-21,23949.150390625,24189.55078125,23903.650390625,24125.55078125,406100.0,15.520000457763672,85.62049865722656
2025-04-22,24185.400390625,24242.599609375,24072.0,24167.25,440900.0,15.229999542236328,85.15889739990234
2025-04-23,24357.599609375,24359.30078125,24119.94921875,24328.94921875,415000.0,15.960000038146973,85.2323989868164
2025-04-24,24277.900390625,24347.849609375,24216.150390625,24246.69921875,358800.0,16.25,85.4999008178711
2025-04-25,24289.0,24365.44921875,23847.849609375,24039.349609375,387700.0,17.15999984741211,85.2573013305664
2025-04-28,24070.25,24355.099609375,24054.05078125,24328.5,320500.0,16.940000534057617,85.38490295410156
2025-04-29,24370.69921875,24457.650390625,24290.75,24335.94921875,357600.0,17.3700008392334,85.1603012084961
2025-04-30,24342.05078125,24396.150390625,24198.75,24334.19921875,424500.0,18.219999313354492,85.1707992553711
2025-05-01,24342.05078125,24396.150390625,24198.75,24334.19921875,424500.0,18.219999313354492,84.53119659423828
2025-05-02,24311.900390625,24589.150390625,24238.5,24346.69921875,421100.0,18.260000228881836,84.69670104980469
2025-05-05,24419.5,24526.400390625,24400.650390625,24461.150390625,291500.0,18.34000015258789,84.52629852294922
2025-05-06,24500.75,24509.650390625,24331.80078125,24379.599609375,302400.0,19.0,84.2208023071289
2025-05-07,24233.30078125,24449.599609375,24220.0,24414.400390625,330100.0,19.059999465942383,84.79319763183594
2025-05-08,24431.5,24447.25,24150.19921875,24273.80078125,411400.0,21.010000228881836,84.81719970703125
2025-05-09,23935.75,24164.25,23935.75,24008.0,335600.0,21.6299991607666,86.08219909667969
2025-05-12,24420.099609375,24944.80078125,24378.849609375,24924.69921875,368700.0,18.389999389648438,85.4083023071289
2025-05-13,24864.05078125,24973.80078125,24547.5,24578.349609375,423000.0,18.200000762939453,84.9656982421875
2025-05-14,24613.80078125,24767.55078125,24535.55078125,24666.900390625,345500.0,17.229999542236328,85.060302734375
2025-05-15,24694.44921875,25116.25,24494.44921875,25062.099609375,500800.0,16.889999389648438,85.48760223388672
2025-05-16,25064.650390625,25070.0,24953.05078125,25019.80078125,432700.0,16.549999237060547,85.44490051269531
2025-05-19,25005.349609375,25062.94921875,24916.650390625,24945.44921875,255300.0,17.360000610351562,85.50029754638672
2025-05-20,24996.19921875,25010.349609375,24669.69921875,24683.900390625,414800.0,17.389999389648438,85.37210083007812
2025-05-21,24744.25,24946.19921875,24685.349609375,24813.44921875,332700.0,17.549999237060547,85.53610229492188
2025-05-22,24733.94921875,24737.5,24462.400390625,24609.69921875,403300.0,17.260000228881836,85.60030364990234
2025-05-23,24639.5,24909.05078125,24614.05078125,24853.150390625,270500.0,17.280000686645508,85.97489929199219
2025-05-26,24919.349609375,25079.19921875,24900.5,25001.150390625,302800.0,18.020000457763672,85.19930267333984
2025-05-27,24956.650390625,25062.900390625,24704.099609375,24826.19921875,525700.0,18.540000915527344,85.158203125
2025-05-28,24832.5,24864.25,24737.05078125,24752.44921875,684400.0,18.020000457763672,85.3604965209961
2025-05-29,24825.099609375,24892.599609375,24677.30078125,24833.599609375,345400.0,16.420000076293945,85.38590240478516
2025-05-30,24812.599609375,24863.94921875,24717.400390625,24750.69921875,853900.0,16.079999923706055,85.36129760742188
2025-06-02,24669.69921875,24754.400390625,24526.150390625,24716.599609375,311100.0,17.15999984741211,85.52429962158203
2025-06-03,24786.30078125,24845.099609375,24502.150390625,24542.5,349300.0,16.559999465942383,85.36370086669922
2025-06-04,24560.44921875,24644.25,24530.44921875,24620.19921875,280900.0,15.75,85.70880126953125
2025-06-05,24691.19921875,24899.849609375,24613.099609375,24750.900390625,388400.0,15.079999923706055,85.9041976928711
2025-06-06,24748.69921875,25029.5,24671.44921875,25003.05078125,335600.0,14.630000114440918,85.87750244140625
2025-06-09,25160.099609375,25160.099609375,25077.150390625,25103.19921875,279200.0,14.6899995803833,85.7853012084961
2025-06-10,25196.05078125,25199.30078125,25055.44921875,25104.25,307300.0,14.020000457763672,85.75599670410156
2025-06-11,25134.150390625,25222.400390625,25081.30078125,25141.400390625,301200.0,13.670000076293945,85.65280151367188
2025-06-12,25164.44921875,25196.19921875,24825.900390625,24888.19921875,328300.0,14.020000457763672,85.46980285644531
2025-06-13,24473.0,24754.349609375,24473.0,24718.599609375,318700.0,15.079999923706055,85.68840026855469
2025-06-16,24732.349609375,24967.099609375,24703.599609375,24946.5,305800.0,14.84000015258789,86.24919891357422
2025-06-17,24977.849609375,24982.05078125,24813.69921875,24853.400390625,242400.0,14.399999618530273,86.10420227050781
2025-06-18,24788.349609375,24947.55078125,24750.44921875,24812.05078125,237600.0,14.279999732971191,86.36270141601562
2025-06-19,24803.25,24863.099609375,24733.400390625,24793.25,274600.0,14.260000228881836,86.61360168457031
2025-06-20,24787.650390625,25136.19921875,24783.650390625,25112.400390625,574700.0,13.670000076293945,86.58380126953125
2025-06-23,24939.75,25057.0,24824.849609375,24971.900390625,248500.0,14.050000190734863,86.5802993774414
2025-06-24,25179.900390625,25317.69921875,24999.69921875,25044.349609375,450200.0,13.640000343322754,86.23300170898438
2025-06-25,25150.349609375,25266.80078125,25125.05078125,25244.75,260600.0,12.960000038146973,85.90480041503906
2025-06-26,25268.94921875,25565.30078125,25259.900390625,25549.0,428900.0,12.59000015258789,86.006103515625
2025-06-27,25576.650390625,25654.19921875,25523.55078125,25637.80078125,564000.0,12.390000343322754,85.66639709472656
2025-06-30,25661.650390625,25669.349609375,25473.30078125,25517.05078125,271000.0,12.789999961853027,85.4552993774414
2025-07-01,25551.349609375,25593.400390625,25501.80078125,25541.80078125,260700.0,12.529999732971191,85.71399688720703
2025-07-02,25588.30078125,25608.099609375,25378.75,25453.400390625,309800.0,12.449999809265137,85.6427993774414
2025-07-03,25505.099609375,25587.5,25384.349609375,25405.30078125,293400.0,12.390000343322754,85.69409942626953
2025-07-04,25428.849609375,25470.25,25331.650390625,25461.0,193500.0,12.319999694824219,85.31909942626953
2025-07-07,25450.44921875,25489.80078125,25407.25,25461.30078125,196100.0,12.5600004196167,85.49629974365234
2025-07-08,25427.849609375,25548.05078125,25424.150390625,25522.5,210400.0,12.199999809265137,85.89199829101562
2025-07-09,25514.599609375,25548.69921875,25424.349609375,25476.099609375,239100.0,11.9399995803833,85.7073974609375
2025-07-10,25511.650390625,25524.05078125,25340.44921875,25355.25,219600.0,11.670000076293945,85.70850372314453
2025-07-11,25255.5,25322.44921875,25129.0,25149.849609375,250000.0,11.819999694824219,85.73480224609375
2025-07-14,25149.5,25151.099609375,25001.94921875,25082.30078125,259500.0,11.979999542236328,85.82129669189453
2025-07-15,25089.5,25245.19921875,25088.44921875,25195.80078125,241300.0,11.479999542236328,85.96839904785156
2025-07-16,25196.599609375,25255.30078125,25121.05078125,25212.05078125,228800.0,11.239999771118164,85.99310302734375
2025-07-17,25230.75,25238.349609375,25101.0,25111.44921875,243400.0,11.239999771118164,85.88520050048828
2025-07-18,25108.55078125,25144.599609375,24918.650390625,24968.400390625,317000.0,11.390000343322754,86.04650115966797
2025-07-21,24999.0,25111.400390625,24882.30078125,25090.69921875,305200.0,11.199999809265137,86.14859771728516
2025-07-22,25166.650390625,25182.0,25035.55078125,25060.900390625,483700.0,10.75,86.19529724121094
2025-07-23,25139.349609375,25233.5,25085.5,25219.900390625,271500.0,10.520000457763672,86.3427963256836
2025-07-24,25243.30078125,25246.25,25018.69921875,25062.099609375,338700.0,10.720000267028809,86.39869689941406
2025-07-25,25010.349609375,25010.349609375,24806.349609375,24837.0,278100.0,11.279999732971191,86.4302978515625
2025-07-28,24782.44921875,24889.19921875,24646.599609375,24680.900390625,262100.0,12.0600004196167,86.506103515625
2025-07-29,24609.650390625,24847.150390625,24598.599609375,24821.099609375,284700.0,11.529999732971191,86.77760314941406
2025-07-30,24890.400390625,24902.30078125,24771.94921875,24855.05078125,243900.0,11.210000038146973,87.06320190429688
2025-07-31,24642.25,24956.5,24635.0,24768.349609375,346300.0,11.539999961853027,87.714599609375
2025-08-01,24734.900390625,24784.150390625,24535.05078125,24565.349609375,263400.0,11.979999542236328,87.4894027709961
2025-08-04,24596.05078125,24736.25,24554.0,24722.75,259300.0,11.970000267028809,87.24530029296875
2025-08-05,24720.25,24733.099609375,24590.30078125,24649.55078125,251800.0,11.710000038146973,87.89330291748047
2025-08-06,24641.349609375,24671.400390625,24539.19921875,24574.19921875,225100.0,11.960000038146973,87.72309875488281
2025-08-07,24464.19921875,24634.19921875,24344.150390625,24596.150390625,616700.0,11.6899995803833,87.76249694824219
2025-08-08,24544.25,24585.5,24337.5,24363.30078125,312600.0,12.029999732971191,87.43319702148438
2025-08-11,24371.5,24600.849609375,24347.44921875,24585.05078125,241100.0,12.220000267028809,87.48829650878906
2025-08-12,24563.349609375,24702.599609375,24465.650390625,24487.400390625,237000.0,12.229999542236328,87.66449737548828
2025-08-13,24586.19921875,24664.55078125,24535.25,24619.349609375,236000.0,12.140000343322754,87.59559631347656
2025-08-14,24607.25,24673.650390625,24596.900390625,24631.30078125,270200.0,12.359999656677246,87.44999694824219
2025-08-15,24607.25,24673.650390625,24596.900390625,24631.30078125,270200.0,12.359999656677246,87.69180297851562
2025-08-18,24938.19921875,25022.0,24852.849609375,24876.94921875,363100.0,12.34000015258789,87.51280212402344
2025-08-19,24891.349609375,25012.650390625,24873.94921875,24980.650390625,252300.0,11.789999961853027,87.29509735107422
2025-08-20,24965.80078125,25088.69921875,24929.69921875,25050.55078125,287100.0,11.789999961853027,87.0791015625
2025-08-21,25142.0,25153.650390625,25054.900390625,25083.75,226500.0,11.369999885559082,87.01820373535156
2025-08-22,25064.150390625,25084.849609375,24859.150390625,24870.099609375,210200.0,11.729999542236328,87.29340362548828
2025-08-25,24949.150390625,25021.55078125,24894.349609375,24967.75,213000.0,11.760000228881836,87.3301010131836
2025-08-26,24899.5,24919.650390625,24689.599609375,24712.05078125,750500.0,12.1899995803833,87.60859680175781
2025-08-27,24899.5,24919.650390625,24689.599609375,24712.05078125,750500.0,12.1899995803833,87.60070037841797
2025-08-28,24695.80078125,24702.650390625,24481.599609375,24500.900390625,326600.0,12.180000305175781,87.65910339355469
2025-08-29,24466.69921875,24572.44921875,24404.69921875,24426.849609375,325500.0,11.75,87.5916976928711
2025-09-01,24432.69921875,24635.599609375,24432.69921875,24625.05078125,229300.0,11.289999961853027,88.17430114746094
2025-09-02,24653.0,24756.099609375,24522.349609375,24579.599609375,271600.0,11.399999618530273,88.00140380859375
2025-09-03,24616.5,24737.05078125,24533.19921875,24715.05078125,340300.0,10.930000305175781,87.99829864501953
2025-09-04,24980.75,24980.75,24708.19921875,24734.30078125,314100.0,10.850000381469727,88.072998046875
2025-09-05,24818.849609375,24832.349609375,24621.599609375,24741.0,210100.0,10.779999732971191,88.19290161132812
2025-09-08,24802.599609375,24885.5,24751.55078125,24773.150390625,213200.0,10.84000015258789,88.1863021850586
2025-09-09,24864.099609375,24891.80078125,24814.0,24868.599609375,226900.0,10.6899995803833,87.98049926757812
2025-09-10,24991.0,25035.69921875,24915.05078125,24973.099609375,244100.0,10.539999961853027,88.21829986572266
2025-09-11,24945.5,25037.30078125,24940.150390625,25005.5,224600.0,10.359999656677246,88.05339813232422
2025-09-12,25074.44921875,25139.44921875,25038.05078125,25114.0,225700.0,10.119999885559082,88.2676010131836
2025-09-15,25118.900390625,25138.44921875,25048.75,25069.19921875,185400.0,10.399999618530273,88.27729797363281
2025-09-16,25073.599609375,25261.400390625,25070.44921875,25239.099609375,240100.0,10.270000457763672,88.12349700927734
2025-09-17,25276.599609375,25346.5,25275.349609375,25330.25,268900.0,10.25,87.88459777832031
2025-09-18,25441.05078125,25448.94921875,25329.75,25423.599609375,272200.0,9.890000343322754,87.91069793701172
2025-09-19,25410.19921875,25428.75,25286.30078125,25327.05078125,380400.0,9.970000267028809,88.20690155029297
2025-09-22,25238.099609375,25331.69921875,25151.05078125,25202.349609375,254500.0,10.5600004196167,88.09919738769531
2025-09-23,25209.0,25261.900390625,25084.650390625,25169.5,299200.0,10.630000114440918,88.30439758300781
2025-09-24,25108.75,25149.849609375,25027.44921875,25056.900390625,244400.0,10.520000457763672,88.80799865722656
2025-09-25,25034.5,25092.69921875,24878.30078125,24890.849609375,342500.0,10.779999732971191,88.77860260009766
2025-09-26,24818.55078125,24868.599609375,24629.44921875,24654.69921875,291500.0,11.430000305175781,88.77310180664062
2025-09-29,24728.55078125,24791.30078125,24606.19921875,24634.900390625,394400.0,11.369999885559082,88.67680358886719
2025-09-30,24691.94921875,24731.80078125,24587.69921875,24611.099609375,303000.0,11.069999694824219,88.70449829101562
2025-10-01,24620.55078125,24867.94921875,24605.94921875,24836.30078125,308900.0,10.289999961853027,88.8406982421875
2025-10-02,24620.55078125,24867.94921875,24605.94921875,24836.30078125,308900.0,10.289999961853027,88.68299865722656
2025-10-03,24759.55078125,24904.80078125,24747.55078125,24894.25,365900.0,10.0600004196167,88.72019958496094
2025-10-06,24916.55078125,25095.94921875,24881.650390625,25077.650390625,268800.0,10.1899995803833,88.73509979248047
2025-10-07,25085.30078125,25220.900390625,25076.30078125,25108.30078125,288000.0,10.050000190734863,88.72109985351562
2025-10-08,25079.75,25192.5,25008.5,25046.150390625,227400.0,10.3100004196167,88.74259948730469
2025-10-09,25074.30078125,25199.25,25024.30078125,25181.80078125,286300.0,10.119999885559082,88.7771987915039
2025-10-10,25167.650390625,25330.75,25156.849609375,25285.349609375,232900.0,10.100000381469727,88.86540222167969
2025-10-13,25177.30078125,25267.30078125,25152.30078125,25227.349609375,234300.0,11.010000228881836,88.7573013305664
2025-10-14,25277.55078125,25310.349609375,25060.55078125,25145.5,292100.0,11.15999984741211,88.66510009765625
2025-10-15,25181.94921875,25365.150390625,25159.349609375,25323.55078125,289900.0,10.529999732971191,88.78250122070312
2025-10-16,25394.900390625,25625.400390625,25376.849609375,25585.30078125,372800.0,10.869999885559082,87.80950164794922
2025-10-17,25546.849609375,25781.5,25508.599609375,25709.849609375,422100.0,11.630000114440918,87.9906997680664
2025-10-20,25824.599609375,25926.19921875,25788.5,25843.150390625,301100.0,11.359999656677246,88.0022964477539
2025-10-21,25901.19921875,25934.349609375,25825.80078125,25868.599609375,42500.0,11.300000190734863,87.87999725341797
2025-10-22,25901.19921875,25934.349609375,25825.80078125,25868.599609375,42500.0,11.300000190734863,88.00160217285156
2025-10-23,26057.19921875,26104.19921875,25862.44921875,25891.400390625,448400.0,11.729999542236328,87.74030303955078
2025-10-24,25935.099609375,25944.150390625,25718.19921875,25795.150390625,284900.0,11.59000015258789,87.77899932861328
2025-10-27,25843.19921875,26005.94921875,25827.0,25966.05078125,266300.0,11.859999656677246,87.8290023803711
2025-10-28,25939.94921875,26041.69921875,25810.05078125,25936.19921875,395200.0,11.949999809265137,88.22209930419922
2025-10-29,25982.0,26097.849609375,25960.30078125,26053.900390625,321900.0,11.970000267028809,88.22550201416016
2025-10-30,25984.400390625,26032.05078125,25845.25,25877.849609375,257400.0,12.069999694824219,88.34559631347656
2025-10-31,25863.80078125,25953.75,25711.19921875,25722.099609375,334400.0,12.149999618530273,88.6344985961914
2025-11-03,25696.849609375,25803.099609375,25645.5,25763.349609375,23300.0,12.670000076293945,88.77539825439453
2025-11-04,25744.75,25787.400390625,25578.400390625,25597.650390625,305100.0,12.649999618530273,88.72339630126953
2025-11-05,25744.75,25787.400390625,25578.400390625,25597.650390625,305100.0,12.649999618530273,88.73200225830078
2025-11-06,25593.349609375,25679.150390625,25491.55078125,25509.69921875,371900.0,12.40999984741211,88.55690002441406
2025-11-07,25433.80078125,25551.25,25318.44921875,25492.30078125,305600.0,12.5600004196167,88.6729965209961
2025-11-10,25503.5,25653.44921875,25503.5,25574.349609375,243600.0,12.300000190734863,88.65799713134766
2025-11-11,25617.0,25715.80078125,25449.25,25694.94921875,297700.0,12.489999771118164,88.70709991455078
2025-11-12,25834.30078125,25934.55078125,25781.150390625,25875.80078125,312600.0,12.109999656677246,88.46649932861328
2025-11-13,25906.099609375,26010.69921875,25808.400390625,25879.150390625,385200.0,12.15999984741211,88.59400177001953
2025-11-14,25767.900390625,25940.19921875,25740.80078125,25910.05078125,518900.0,11.9399995803833,88.81610107421875
2025-11-17,25948.19921875,26024.19921875,25906.349609375,26013.44921875,281800.0,11.789999961853027,88.68199920654297
2025-11-18,26021.80078125,26029.849609375,25876.5,25910.05078125,280000.0,12.100000381469727,88.63590240478516
2025-11-19,25918.099609375,26074.650390625,25856.19921875,26052.650390625,250100.0,11.970000267028809,88.55680084228516
2025-11-20,26132.099609375,26246.650390625,26063.19921875,26192.150390625,240400.0,12.140000343322754,88.48719787597656
2025-11-21,26109.55078125,26179.19921875,26052.19921875,26068.150390625,235600.0,13.630000114440918,88.69219970703125
2025-11-24,26122.80078125,26142.80078125,25912.150390625,25959.5,464700.0,13.239999771118164,89.63400268554688
2025-11-25,25998.5,26032.599609375,25857.5,25884.80078125,260500.0,12.239999771118164,89.14779663085938
2025-11-26,25842.94921875,26215.150390625,25842.94921875,26205.30078125,275300.0,11.970000267028809,89.15059661865234
2025-11-27,26261.25,26310.44921875,26141.900390625,26215.55078125,240300.0,11.789999961853027,89.16300201416016
2025-11-28,26237.44921875,26280.75,26172.400390625,26202.94921875,202500.0,11.619999885559082,89.36479949951172
2025-12-01,26325.80078125,26325.80078125,26124.19921875,26175.75,213800.0,11.630000114440918,89.3499984741211
2025-12-02,26087.94921875,26154.599609375,25997.849609375,26032.19921875,254800.0,11.229999542236328,89.61270141601562
2025-12-03,26004.900390625,26066.44921875,25891.0,25986.0,265700.0,11.210000038146973,89.91719818115234
2025-12-04,25981.849609375,26098.25,25938.94921875,26033.75,248100.0,10.819999694824219,90.17050170898438
2025-12-05,25999.80078125,26202.599609375,25985.349609375,26186.44921875,249300.0,10.319999694824219,89.8364028930664
2025-12-08,26159.80078125,26178.69921875,25892.25,25960.55078125,320700.0,11.130000114440918,89.93800354003906
2025-12-09,25867.099609375,25923.650390625,25728.0,25839.650390625,276000.0,10.949999809265137,90.12999725341797
2025-12-10,25864.05078125,25947.650390625,25734.55078125,25758.0,207900.0,10.90999984741211,89.91690063476562
2025-12-11,25771.400390625,25922.80078125,25693.25,25898.55078125,206100.0,10.399999618530273,89.79299926757812
2025-12-12,25971.19921875,26057.599609375,25938.44921875,26046.94921875,216300.0,10.109999656677246,90.25299835205078
2025-12-15,25930.05078125,26047.150390625,25904.75,26027.30078125,181600.0,10.25,90.5770034790039
2025-12-16,25951.5,25980.75,25834.349609375,25860.099609375,264400.0,10.0600004196167,90.77690124511719
2025-12-17,25902.400390625,25929.150390625,25770.349609375,25818.55078125,206500.0,9.84000015258789,90.94889831542969
2025-12-18,25764.69921875,25902.349609375,25726.30078125,25815.55078125,197600.0,9.710000038146973,90.4136962890625
2025-12-19,25911.5,25993.349609375,25880.44921875,25966.400390625,382900.0,9.520000457763672,90.25579833984375
2025-12-22,26055.849609375,26180.69921875,26047.80078125,26172.400390625,253000.0,9.680000305175781,89.56999969482422
2025-12-23,26205.19921875,26233.55078125,26119.05078125,26177.150390625,216600.0,9.380000114440918,89.60389709472656
2025-12-24,26170.650390625,26236.400390625,26123.0,26142.099609375,188800.0,9.1899995803833,89.50789642333984
2025-12-26,26121.25,26144.19921875,26008.599609375,26042.30078125,142200.0,9.149999618530273,90.10590362548828
2025-12-29,26063.349609375,26106.80078125,25920.30078125,25942.099609375,234300.0,9.720000267028809,89.82929992675781
2025-12-30,25940.900390625,25976.75,25878.0,25938.849609375,396900.0,9.680000305175781,89.9000015258789
2025-12-31,25971.05078125,26187.94921875,25969.0,26129.599609375,246300.0,9.479999542236328,89.76940155029297
2026-01-01,26173.30078125,26197.55078125,26113.400390625,26146.55078125,425600.0,9.479999542236328,89.76940155029297
2026-01-02,26155.099609375,26340.0,26118.400390625,26328.55078125,357500.0,9.449999809265137,89.96189880371094
2026-01-05,26333.69921875,26373.19921875,26210.05078125,26250.30078125,338800.0,10.020000457763672,90.00700378417969
2026-01-06,26189.69921875,26273.94921875,26124.75,26178.69921875,383000.0,10.020000457763672,90.23300170898438
2026-01-07,26143.099609375,26187.150390625,26067.900390625,26140.75,338200.0,9.949999809265137,90.16609954833984
2026-01-08,26106.5,26133.19921875,25858.44921875,25876.849609375,328500.0,10.600000381469727,89.8644027709961
2026-01-09,25840.400390625,25940.599609375,25623.0,25683.30078125,348800.0,10.930000305175781,89.90540313720703
2026-01-12,25669.05078125,25813.150390625,25473.400390625,25790.25,275800.0,11.369999885559082,90.23600006103516
2026-01-13,25897.349609375,25899.80078125,25603.30078125,25732.30078125,339500.0,11.199999809265137,90.13269805908203
2026-01-14,25648.55078125,25791.75,25603.94921875,25665.599609375,393100.0,11.319999694824219,90.27300262451172
2026-01-15,25648.55078125,25791.75,25603.94921875,25665.599609375,393100.0,11.319999694824219,90.18319702148438
2026-01-16,25696.05078125,25873.5,25662.400390625,25694.349609375,434000.0,11.369999885559082,90.36160278320312
2026-01-19,25653.099609375,25653.30078125,25494.349609375,25585.5,443100.0,11.829999923706055,90.7020034790039
2026-01-20,25580.30078125,25585.0,25171.349609375,25232.5,409800.0,12.729999542236328,90.90450286865234
2026-01-21,25141.0,25300.94921875,24919.80078125,25157.5,395600.0,13.779999732971191,91.11840057373047
2026-01-22,25344.150390625,25435.75,25168.5,25289.900390625,486400.0,13.350000381469727,91.53690338134766
2026-01-23,25344.599609375,25347.94921875,25025.30078125,25048.650390625,393900.0,14.1899995803833,91.55829620361328
2026-01-26,25344.599609375,25347.94921875,25025.30078125,25048.650390625,393900.0,14.1899995803833,91.5009994506836
2026-01-27,25063.349609375,25246.650390625,24932.55078125,25175.400390625,618700.0,14.449999809265137,91.71309661865234
2026-01-28,25258.849609375,25372.099609375,25187.650390625,25342.75,574900.0,13.529999732971191,91.5343017578125
2026-01-29,25345.0,25458.150390625,25159.80078125,25418.900390625,582400.0,13.369999885559082,92.04080200195312
2026-01-30,25247.55078125,25370.69921875,25213.650390625,25320.650390625,508400.0,13.630000114440918,91.78189849853516
2026-02-02,24796.5,25108.099609375,24679.400390625,25088.400390625,449200.0,13.869999885559082,91.68699645996094
2026-02-03,26308.05078125,26341.19921875,25641.30078125,25727.55078125,637300.0,12.899999618530273,90.24559783935547
2026-02-04,25675.05078125,25818.55078125,25563.94921875,25776.0,429800.0,12.25,90.42289733886719
2026-02-05,25755.900390625,25757.650390625,25579.5,25642.80078125,343800.0,12.170000076293945,90.125
2026-02-06,25605.80078125,25703.94921875,25491.900390625,25693.69921875,375500.0,11.9399995803833,90.3147964477539
2026-02-09,25888.69921875,25922.25,25780.900390625,25867.30078125,359400.0,12.1899995803833,90.58799743652344
2026-02-10,25922.650390625,25989.44921875,25870.44921875,25935.150390625,460900.0,11.670000076293945,90.82279968261719
2026-02-11,25997.44921875,26009.400390625,25899.80078125,25953.849609375,331400.0,11.550000190734863,90.58789825439453
2026-02-12,25906.69921875,25906.69921875,25752.400390625,25807.19921875,419400.0,11.729999542236328,90.73570251464844
2026-02-13,25571.150390625,25630.349609375,25444.30078125,25471.099609375,453500.0,13.289999961853027,90.56410217285156
2026-02-16,25423.599609375,25697.0,25372.69921875,25682.75,275800.0,13.329999923706055,90.57119750976562
2026-02-17,25637.94921875,25764.400390625,25570.30078125,25725.400390625,344100.0,12.670000076293945,90.78299713134766
2026-02-18,25752.650390625,25828.05078125,25645.150390625,25819.349609375,310200.0,12.220000267028809,90.6261978149414
2026-02-19,25873.349609375,25885.30078125,25388.75,25454.349609375,298200.0,13.460000038146973,90.79350280761719
2026-02-20,25406.55078125,25663.55078125,25379.75,25571.25,296600.0,14.359999656677246,91.04109954833984
2026-02-23,25678.400390625,25771.44921875,25609.349609375,25713.0,313700.0,14.170000076293945,90.72660064697266
2026-02-24,25641.80078125,25641.80078125,25327.599609375,25424.650390625,439100.0,14.149999618530273,91.02010345458984
2026-02-25,25512.599609375,25652.599609375,25428.19921875,25482.5,414200.0,13.489999771118164,90.91799926757812
2026-02-26,25556.30078125,25572.94921875,25400.94921875,25496.55078125,405200.0,13.0600004196167,90.95099639892578
2026-02-27,25459.849609375,25476.400390625,25141.30078125,25178.650390625,438900.0,13.699999809265137,91.00740051269531
2026-03-02,24659.25,24989.349609375,24603.5,24865.69921875,519200.0,17.1299991607666,91.07959747314453
2026-03-03,24659.25,24989.349609375,24603.5,24865.69921875,519200.0,17.1299991607666,91.56340026855469
2026-03-04,24388.80078125,24602.44921875,24305.400390625,24480.5,599000.0,21.139999389648438,92.00859832763672
2026-03-05,24615.94921875,24854.19921875,24529.400390625,24765.900390625,504300.0,17.860000610351562,92.12300109863281
2026-03-06,24656.400390625,24700.900390625,24415.75,24450.44921875,433400.0,19.8799991607666,91.78690338134766
2026-03-09,23868.05078125,24078.150390625,23697.80078125,24028.05078125,526900.0,23.360000610351562,91.93620300292969
2026-03-10,24280.80078125,24303.80078125,24079.94921875,24261.599609375,444300.0,18.90999984741211,91.220703125
2026-03-11,24231.849609375,24299.0,23834.30078125,23866.849609375,407400.0,21.059999465942383,92.16510009765625
2026-03-12,23674.849609375,23833.150390625,23556.30078125,23639.150390625,501000.0,21.520000457763672,92.22879791259766
2026-03-13,23462.5,23492.400390625,23112.0,23151.099609375,519800.0,22.649999618530273,92.38990020751953
2026-03-16,23116.099609375,23502.0,22955.25,23408.80078125,540300.0,21.600000381469727,92.5635986328125
2026-03-17,23493.19921875,23656.80078125,23346.599609375,23581.150390625,458800.0,19.790000915527344,92.28269958496094
2026-03-18,23632.900390625,23862.25,23618.44921875,23777.80078125,382900.0,18.719999313354492,92.39129638671875
2026-03-19,23197.75,23378.69921875,22930.349609375,23002.150390625,550100.0,22.799999237060547,93.24659729003906
2026-03-20,23110.150390625,23345.150390625,23067.599609375,23114.5,663300.0,22.809999465942383,93.0822982788086
2026-03-23,22824.349609375,22851.69921875,22471.25,22512.650390625,550300.0,26.729999542236328,93.89530181884766
2026-03-24,22878.44921875,23057.30078125,22624.19921875,22912.400390625,538100.0,24.739999771118164,93.24369812011719
2026-03-25,23064.400390625,23465.349609375,23063.19921875,23306.44921875,505400.0,24.639999389648438,94.29969787597656
2026-03-26,23064.400390625,23465.349609375,23063.19921875,23306.44921875,505400.0,24.639999389648438,94.6937026977539
2026-03-27,23173.55078125,23186.099609375,22804.55078125,22819.599609375,612600.0,26.799999237060547,94.30950164794922
2026-03-30,22549.650390625,22714.099609375,22283.849609375,22331.400390625,698600.0,27.889999389648438,94.78179931640625
2026-03-31,22549.650390625,22714.099609375,22283.849609375,22331.400390625,698600.0,27.889999389648438,94.35590362548828
2026-04-01,22899.0,22941.30078125,22618.599609375,22679.400390625,518000.0,25.010000228881836,93.48429870605469
2026-04-02,22383.400390625,22782.30078125,22182.55078125,22713.099609375,495100.0,25.520000457763672,92.6426010131836
2026-04-03,22383.400390625,22782.30078125,22182.55078125,22713.099609375,495100.0,25.520000457763672,92.97360229492188
2026-04-06,22780.30078125,22998.349609375,22542.94921875,22968.25,426400.0,25.469999313354492,92.97100067138672
2026-04-07,22838.69921875,23153.849609375,22719.30078125,23123.650390625,477000.0,24.700000762939453,92.81659698486328
2026-04-08,23855.150390625,24025.150390625,23828.5,23997.349609375,639300.0,19.700000762939453,92.86019897460938
2026-04-09,23909.05078125,23990.75,23682.80078125,23775.099609375,466600.0,20.43000030517578,92.2748031616211
2026-04-10,23880.55078125,24074.05078125,23856.349609375,24050.599609375,481300.0,18.850000381469727,92.46980285644531
2026-04-13,23589.599609375,23907.400390625,23555.599609375,23842.650390625,488800.0,20.5,94.50879669189453
2026-04-14,23589.599609375,23907.400390625,23555.599609375,23842.650390625,488800.0,20.5,94.9468002319336
2026-04-15,24163.80078125,24280.900390625,24145.80078125,24231.30078125,460300.0,18.670000076293945,93.16539764404297
2026-04-16,24385.19921875,24400.94921875,24102.80078125,24196.75,508000.0,18.09000015258789,93.38680267333984
2026-04-17,24165.900390625,24371.900390625,24096.05078125,24353.55078125,498600.0,17.209999084472656,93.04789733886719
2026-04-20,24391.5,24480.650390625,24241.25,24364.849609375,415900.0,18.790000915527344,92.60330200195312
2026-04-21,24374.55078125,24601.69921875,24354.900390625,24576.599609375,425800.0,17.530000686645508,93.12359619140625
2026-04-22,24470.849609375,24515.94921875,24352.900390625,24378.099609375,440500.0,18.299999237060547,93.622802734375
2026-04-23,24202.349609375,24310.19921875,24134.80078125,24173.05078125,467500.0,18.59000015258789,93.80049896240234
2026-04-24,24100.55078125,24206.0,23813.650390625,23897.94921875,438400.0,19.709999084472656,94.11289978027344
2026-04-27,23945.44921875,24130.69921875,23936.19921875,24092.69921875,430300.0,18.3799991607666,94.25029754638672
2026-04-28,24049.900390625,24181.80078125,23957.05078125,23995.69921875,554100.0,18.049999237060547,94.25849914550781
2026-04-29,24096.900390625,24334.69921875,24059.94921875,24177.650390625,531100.0,17.440000534057617,94.64550018310547
2026-04-30,23996.94921875,24087.44921875,23796.849609375,23997.55078125,505500.0,18.459999084472656,94.9166030883789
2026-05-01,23996.94921875,24087.44921875,23796.849609375,23997.55078125,505500.0,18.459999084472656,94.75910186767578
2026-05-04,24063.55078125,24290.19921875,24004.75,24119.30078125,419100.0,18.299999237060547,94.90299987792969
2026-05-05,24052.599609375,24081.69921875,23882.05078125,24032.80078125,363300.0,17.90999984741211,95.2593994140625
2026-05-06,24171.0,24356.5,23997.900390625,24330.94921875,429200.0,16.68000030517578,95.18299865722656
2026-05-07,24398.5,24482.099609375,24284.0,24326.650390625,440600.0,16.6200008392334,94.60800170898438
2026-05-08,24233.650390625,24253.80078125,24126.650390625,24176.150390625,335900.0,16.84000015258789,94.25299835205078
2026-05-11,23970.099609375,23997.44921875,23799.099609375,23815.849609375,390100.0,18.549999237060547,94.42530059814453
2026-05-12,23722.599609375,23757.55078125,23348.400390625,23379.55078125,447500.0,19.280000686645508,95.39140319824219
2026-05-13,23362.44921875,23582.94921875,23262.55078125,23412.599609375,415400.0,19.43000030517578,95.63300323486328
2026-05-14,23530.25,23777.19921875,23426.55078125,23689.599609375,428700.0,18.610000610351562,95.69580078125
2026-05-15,23731.400390625,23839.30078125,23610.30078125,23643.5,408900.0,18.790000915527344,95.70989990234375
2026-05-18,23482.19921875,23695.650390625,23317.099609375,23649.94921875,392000.0,19.6299991607666,95.97029876708984
2026-05-19,23675.30078125,23782.30078125,23587.19921875,23618.0,442000.0,18.68000030517578,96.27020263671875
2026-05-20,23457.25,23690.900390625,23397.30078125,23659.0,344100.0,18.440000534057617,96.56580352783203
2026-05-21,23830.05078125,23859.900390625,23596.599609375,23654.69921875,348200.0,17.81999969482422,96.5282974243164
2026-05-22,23671.19921875,23835.650390625,23671.0,23719.30078125,336100.0,17.90999984741211,96.17389678955078
2026-05-25,23940.25,24054.44921875,23922.849609375,24031.69921875,351200.0,16.700000762939453,95.71949768066406
2026-05-26,24004.099609375,24089.80078125,23885.44921875,23913.69921875,387900.0,16.1299991607666,95.25279998779297
2026-05-27,23880.349609375,23983.19921875,23858.25,23907.150390625,531600.0,14.979999542236328,95.90499877929688
2026-05-28,23880.349609375,23983.19921875,23858.25,23907.150390625,531600.0,14.979999542236328,96.04889678955078
2026-05-29,23902.150390625,24002.80078125,23484.75,23547.75,1198000.0,16.190000534057617,96.04820251464844
2026-06-01,23654.5,23733.69921875,23357.94921875,23382.599609375,421700.0,16.540000915527344,95.00299835205078
2026-06-02,23229.150390625,23556.94921875,23229.150390625,23483.55078125,511900.0,15.359999656677246,95.55139923095703
2026-06-03,23415.94921875,23459.650390625,23151.5,23405.599609375,450100.0,16.280000686645508,95.26300048828125
2026-06-04,23282.44921875,23465.30078125,23247.30078125,23416.55078125,412500.0,15.890000343322754,96.16449737548828
2026-06-05,23478.94921875,23516.349609375,23282.650390625,23366.69921875,366200.0,15.789999961853027,95.79029846191406
2026-06-08,23080.69921875,23267.30078125,23070.150390625,23123.0,375700.0,17.030000686645508,94.95030212402344
2026-06-09,23259.05078125,23279.400390625,23104.44921875,23242.099609375,402600.0,15.579999923706055,95.68830108642578
2026-06-10,23233.94921875,23425.349609375,23184.599609375,23214.94921875,0.0,15.632499694824219,95.25499725341797
